nombre_metrica,split,id_run,valor
recall,train,1,0.83
auc_roc,test,1,0.68
f1,train,1,0.75
precision,train,10,0.98
accuracy,train,10,0.89
accuracy,test,10,0.8
log_loss,test,100,1.42
auc_roc,train,100,0.98
f1,val,100,0.75
log_loss,train,1000,1.32
f1,train,1000,0.81
recall,test,1001,0.9
f1,train,1001,0.9
f1,test,1001,0.78
recall,train,1002,0.66
f1,test,1002,0.62
accuracy,test,1003,0.91
accuracy,train,1003,0.86
recall,train,1003,0.88
precision,train,1004,0.81
f1,test,1004,0.82
f1,train,1004,0.72
accuracy,val,1005,0.88
recall,train,1005,0.82
f1,train,1005,0.81
precision,val,1006,0.66
log_loss,test,1006,1.06
recall,train,1006,0.62
precision,test,1007,0.63
auc_roc,test,1007,0.63
recall,train,1008,0.73
auc_roc,test,1008,0.89
log_loss,train,1008,1.38
recall,test,1009,0.82
f1,train,1009,0.78
recall,train,1009,0.81
recall,val,101,0.68
recall,test,101,0.81
log_loss,train,101,0.72
f1,train,1010,0.7
f1,val,1010,0.72
recall,train,1010,0.61
accuracy,test,1011,0.81
auc_roc,train,1011,0.74
accuracy,val,1011,0.93
precision,train,1012,0.75
accuracy,val,1012,0.9
recall,test,1012,0.68
log_loss,test,1013,0.7
precision,train,1013,0.91
log_loss,train,1013,0.88
auc_roc,train,1014,0.93
precision,val,1014,0.7
f1,train,1014,0.69
f1,train,1015,0.75
recall,test,1015,0.72
precision,val,1015,0.98
recall,train,1016,0.64
f1,test,1016,0.84
precision,train,1017,0.76
recall,test,1017,0.98
auc_roc,train,1017,0.73
recall,train,1018,0.94
f1,test,1018,0.9
log_loss,val,1018,1.03
f1,train,1019,0.96
f1,val,1019,0.65
accuracy,test,1019,0.89
precision,val,102,0.87
accuracy,val,102,0.95
precision,test,102,0.66
log_loss,train,1020,0.41
auc_roc,test,1020,0.76
recall,val,1020,0.72
precision,train,1021,0.72
log_loss,train,1021,0.81
precision,test,1021,0.75
recall,train,1022,0.81
precision,val,1022,0.92
f1,val,1022,0.72
auc_roc,train,1023,0.7
recall,val,1023,0.85
accuracy,train,1023,0.99
precision,val,1024,0.69
log_loss,train,1024,1.16
auc_roc,val,1024,0.83
f1,test,1025,0.66
accuracy,val,1025,0.88
accuracy,train,1025,0.87
precision,test,1026,0.74
precision,train,1026,0.82
f1,train,1026,0.73
accuracy,val,1027,0.84
auc_roc,train,1027,0.6
f1,test,1027,0.89
accuracy,train,1028,0.96
recall,train,1028,0.6
f1,val,1029,0.89
accuracy,test,1029,0.81
recall,train,1029,0.85
log_loss,train,103,1.15
accuracy,val,103,0.93
recall,train,103,0.83
f1,train,1030,0.68
accuracy,train,1030,0.97
precision,val,1030,0.82
precision,val,1031,0.83
accuracy,train,1031,0.98
f1,test,1031,0.9
auc_roc,train,1032,0.96
log_loss,train,1032,1.31
accuracy,train,1032,0.81
precision,train,1033,0.72
f1,train,1033,0.79
recall,test,1033,0.85
auc_roc,train,1034,0.81
accuracy,val,1034,0.9
recall,test,1034,0.88
auc_roc,train,1035,0.86
log_loss,test,1035,0.31
auc_roc,val,1035,0.74
precision,test,1036,0.85
recall,train,1036,0.92
f1,train,1036,0.8
precision,train,1037,0.92
auc_roc,train,1037,0.62
accuracy,val,1037,0.94
recall,test,1038,0.84
recall,train,1038,0.67
f1,train,1038,0.76
auc_roc,train,1039,0.98
log_loss,test,1039,1.4
log_loss,train,1039,1.16
accuracy,test,104,0.92
accuracy,val,104,0.89
accuracy,train,104,0.84
auc_roc,test,1040,0.83
auc_roc,train,1040,0.5
precision,val,1040,0.71
recall,test,1041,0.77
recall,train,1041,0.9
f1,train,1041,0.75
accuracy,test,1042,0.83
f1,train,1042,0.84
log_loss,train,1042,0.51
log_loss,train,1043,1.38
recall,train,1043,0.81
precision,train,1043,0.66
auc_roc,train,1044,0.64
precision,test,1044,0.65
f1,val,1045,0.6
auc_roc,test,1045,0.85
accuracy,train,1045,0.86
accuracy,val,1046,0.86
f1,test,1046,0.68
f1,train,1046,0.88
recall,train,1047,0.62
accuracy,val,1047,0.85
precision,val,1047,0.72
auc_roc,train,1048,0.64
precision,train,1048,0.95
log_loss,train,1048,0.13
f1,test,1049,0.94
recall,train,1049,0.73
precision,train,1049,0.8
precision,train,105,0.82
auc_roc,train,105,0.82
auc_roc,test,105,0.62
accuracy,val,1050,0.98
auc_roc,test,1050,0.85
f1,train,1050,0.81
precision,test,1051,0.68
precision,train,1051,0.73
auc_roc,train,1051,0.87
f1,test,1052,0.72
f1,val,1052,0.7
recall,val,1052,0.77
log_loss,train,1053,1.27
recall,train,1053,0.71
f1,train,1053,0.95
log_loss,test,1054,0.71
precision,train,1054,0.62
log_loss,train,1054,1.35
log_loss,test,1055,1.37
auc_roc,train,1055,0.68
accuracy,val,1055,0.91
accuracy,val,1056,0.84
auc_roc,val,1056,0.93
log_loss,train,1056,0.71
precision,test,1057,0.77
auc_roc,test,1057,0.83
accuracy,train,1057,0.92
precision,val,1058,0.62
log_loss,train,1058,1.01
f1,val,1058,0.93
f1,train,1059,0.96
accuracy,val,1059,0.94
log_loss,val,1059,0.68
accuracy,train,106,0.98
auc_roc,train,106,0.88
f1,test,1060,0.92
log_loss,val,1060,0.78
accuracy,train,1060,0.89
accuracy,train,1061,0.85
precision,train,1061,0.65
precision,test,1061,0.91
recall,val,1062,0.96
precision,val,1062,0.81
log_loss,train,1062,0.33
log_loss,train,1063,0.96
accuracy,val,1063,0.95
auc_roc,train,1063,0.68
accuracy,train,1064,0.83
f1,test,1064,0.89
auc_roc,val,1064,0.9
accuracy,val,1065,0.88
f1,train,1065,0.75
recall,train,1065,0.79
accuracy,test,1066,0.93
auc_roc,test,1066,0.85
precision,val,1066,0.74
recall,val,1067,0.98
log_loss,val,1067,0.82
accuracy,val,1067,0.84
recall,train,1068,0.6
recall,val,1068,0.84
accuracy,val,1068,0.87
f1,test,1069,0.69
f1,train,1069,0.98
auc_roc,train,1069,0.55
precision,train,107,0.7
f1,val,107,0.66
log_loss,test,107,0.58
log_loss,val,1070,1.21
accuracy,test,1070,0.98
f1,val,1070,0.91
precision,train,1071,0.97
accuracy,train,1071,0.88
f1,test,1071,0.98
f1,val,1072,0.82
precision,train,1072,0.85
auc_roc,train,1072,0.57
auc_roc,val,1073,0.59
f1,val,1073,0.61
accuracy,train,1074,0.99
log_loss,val,1074,0.63
f1,train,1074,0.84
precision,val,1075,0.8
f1,test,1075,0.76
auc_roc,test,1075,0.79
recall,train,1076,0.74
auc_roc,train,1076,0.57
auc_roc,test,1076,0.87
f1,train,1077,0.91
auc_roc,val,1077,0.59
auc_roc,train,1077,0.82
accuracy,val,1078,0.99
recall,train,1078,0.88
precision,train,1078,0.7
recall,val,1079,0.95
recall,test,1079,0.86
accuracy,train,1079,0.92
log_loss,test,108,1.33
auc_roc,val,108,0.87
log_loss,train,108,1.41
accuracy,test,1080,0.83
accuracy,train,1080,0.82
precision,test,1081,0.77
log_loss,test,1081,0.44
f1,train,1081,0.62
f1,train,1082,0.66
accuracy,test,1082,0.93
log_loss,val,1082,0.91
log_loss,val,1083,0.44
precision,train,1083,0.86
accuracy,test,1083,0.86
auc_roc,train,1084,0.58
accuracy,train,1085,0.98
log_loss,train,1085,0.68
log_loss,test,1085,1.13
accuracy,val,1086,0.93
recall,train,1086,0.85
auc_roc,val,1086,0.55
accuracy,train,1087,0.8
f1,test,1087,0.64
auc_roc,train,1087,0.96
log_loss,train,1088,1.08
f1,train,1088,0.77
accuracy,test,1088,0.92
auc_roc,train,1089,0.58
log_loss,train,1089,1.14
recall,train,1089,0.71
precision,test,109,0.84
accuracy,train,109,0.91
precision,train,109,0.74
f1,test,1090,0.85
recall,train,1090,0.76
log_loss,train,1090,1.36
recall,test,1091,0.8
auc_roc,val,1091,0.73
log_loss,test,1091,0.55
recall,test,1092,0.78
auc_roc,train,1092,0.75
auc_roc,val,1092,0.58
accuracy,test,1093,0.85
auc_roc,train,1093,0.78
f1,train,1093,0.63
accuracy,train,1094,0.96
precision,val,1094,0.63
log_loss,test,1094,0.35
recall,val,1095,0.82
auc_roc,val,1095,0.61
accuracy,val,1095,0.92
accuracy,test,1096,0.9
precision,train,1096,0.77
accuracy,train,1096,0.81
precision,train,1097,0.68
recall,train,1097,0.87
recall,test,1098,0.93
log_loss,train,1098,1.01
precision,train,1098,0.67
f1,train,1099,0.82
precision,train,1099,0.92
accuracy,train,11,0.97
precision,train,11,0.96
auc_roc,val,110,0.5
f1,train,110,0.88
auc_roc,test,110,0.93
accuracy,test,1100,0.84
precision,train,1100,0.88
f1,train,1101,0.64
log_loss,train,1101,1.12
log_loss,test,1101,0.67
log_loss,test,1102,1.36
accuracy,train,1102,0.87
auc_roc,test,1102,0.75
log_loss,train,1103,1.22
f1,val,1103,0.8
precision,train,1103,0.95
log_loss,train,1104,0.75
recall,train,1104,0.95
recall,test,1104,0.62
recall,test,1105,0.62
precision,test,1105,0.93
accuracy,train,1105,0.83
log_loss,val,1106,1.04
precision,train,1106,0.83
recall,train,1107,0.98
log_loss,train,1107,0.56
f1,train,1107,0.78
log_loss,val,1108,0.27
recall,test,1108,0.91
log_loss,train,1108,0.47
accuracy,train,1109,0.85
log_loss,val,1109,0.53
log_loss,train,1109,0.68
auc_roc,train,111,0.92
log_loss,train,111,0.96
precision,test,111,0.74
log_loss,val,1110,0.38
f1,test,1110,0.86
auc_roc,train,1110,0.68
accuracy,train,1111,0.87
precision,train,1111,0.84
recall,train,1111,0.84
accuracy,train,1112,0.98
precision,train,1112,0.62
recall,test,1112,0.79
precision,train,1113,0.85
auc_roc,train,1113,0.97
recall,train,1113,0.83
log_loss,train,1114,1.07
log_loss,val,1114,0.06
accuracy,train,1115,0.88
auc_roc,val,1115,0.69
recall,train,1115,0.72
log_loss,train,1116,1.14
log_loss,val,1116,0.69
log_loss,test,1116,0.68
accuracy,test,1117,0.85
accuracy,train,1117,0.83
precision,train,1117,0.91
f1,train,1118,0.86
accuracy,train,1118,0.93
recall,train,1119,0.98
precision,val,1119,0.97
recall,val,1119,0.96
recall,val,112,0.94
f1,val,112,0.76
f1,train,112,0.61
recall,val,1120,0.78
precision,train,1120,0.9
accuracy,test,1120,0.98
auc_roc,test,1121,0.88
accuracy,val,1121,0.99
precision,train,1121,0.9
auc_roc,train,1122,0.84
accuracy,val,1122,0.96
accuracy,train,1122,0.99
accuracy,train,1123,0.83
f1,train,1123,0.86
precision,train,1123,0.83
precision,val,1124,0.88
log_loss,val,1124,0.14
f1,train,1124,0.68
f1,val,1125,0.73
precision,val,1125,0.74
f1,test,1125,0.7
recall,train,1126,0.93
accuracy,train,1126,0.94
auc_roc,test,1126,0.83
recall,train,1127,0.78
precision,test,1127,0.85
auc_roc,val,1127,0.98
log_loss,train,1128,0.07
f1,test,1128,0.98
f1,val,1128,0.71
recall,val,1129,0.77
accuracy,test,1129,0.81
log_loss,val,1129,0.77
precision,train,113,0.93
recall,train,113,0.6
precision,val,113,0.64
recall,test,1130,0.98
accuracy,train,1130,0.92
precision,train,1130,0.98
recall,train,1131,0.6
precision,val,1131,0.89
f1,test,1131,0.96
accuracy,test,1132,0.97
log_loss,test,1132,0.64
precision,train,1132,0.96
f1,train,1133,0.67
log_loss,train,1133,0.34
recall,test,1133,0.85
f1,train,1134,0.82
log_loss,train,1134,0.85
auc_roc,train,1134,0.67
log_loss,test,1135,0.58
auc_roc,val,1135,0.67
log_loss,train,1135,0.35
precision,test,1136,0.63
log_loss,val,1136,0.29
f1,train,1136,0.61
f1,val,1137,0.8
recall,train,1137,0.82
f1,test,1137,0.97
auc_roc,val,1138,0.7
recall,train,1138,0.86
accuracy,train,1138,0.81
precision,train,1139,0.78
precision,test,1139,0.85
recall,val,1139,0.83
precision,train,114,0.74
recall,test,114,0.92
auc_roc,train,114,0.53
accuracy,train,1140,0.96
auc_roc,val,1140,0.8
precision,train,1140,0.8
accuracy,val,1141,0.98
log_loss,train,1141,0.08
recall,val,1142,0.67
log_loss,test,1142,0.33
accuracy,train,1142,0.84
accuracy,train,1143,0.87
auc_roc,train,1143,0.8
recall,train,1143,0.93
recall,test,1144,0.83
accuracy,train,1144,0.86
f1,test,1144,0.79
auc_roc,val,1145,0.98
recall,test,1145,0.67
precision,train,1145,0.84
accuracy,val,1146,0.97
accuracy,train,1146,0.83
accuracy,test,1147,0.8
accuracy,val,1147,0.86
log_loss,train,1147,1.16
accuracy,train,1148,0.98
precision,val,1148,0.82
log_loss,train,1148,0.79
auc_roc,val,1149,0.69
log_loss,train,1149,0.23
recall,val,1149,0.93
precision,train,115,0.95
log_loss,train,115,0.82
precision,val,115,0.63
f1,val,1150,0.63
auc_roc,test,1150,0.93
recall,train,1150,0.82
auc_roc,test,1151,0.72
accuracy,train,1151,0.93
precision,train,1151,0.66
recall,test,1152,0.67
log_loss,train,1152,0.96
f1,test,1152,0.86
recall,train,1153,0.72
recall,test,1153,0.86
auc_roc,train,1153,0.85
log_loss,train,1154,1.01
log_loss,val,1154,1.03
precision,test,1154,0.73
precision,val,1155,0.82
accuracy,test,1155,0.94
f1,train,1155,0.61
accuracy,val,1156,0.83
auc_roc,test,1156,0.69
log_loss,val,1156,0.66
accuracy,train,1157,0.83
precision,test,1157,0.88
precision,val,1157,0.79
recall,test,1158,0.98
auc_roc,test,1158,0.68
log_loss,val,1158,1.13
auc_roc,val,1159,0.82
recall,test,1159,0.69
precision,val,1159,0.97
auc_roc,val,116,0.78
accuracy,val,116,0.99
precision,val,116,0.84
log_loss,val,1160,0.77
log_loss,train,1160,1.31
precision,val,1160,0.8
precision,val,1161,0.82
recall,val,1161,0.8
log_loss,val,1161,1.0
recall,test,1162,0.76
precision,train,1162,0.78
accuracy,val,1162,0.93
recall,train,1163,0.94
auc_roc,train,1163,0.92
accuracy,train,1163,0.85
precision,train,1164,0.9
recall,train,1164,0.9
log_loss,test,1165,0.08
recall,val,1165,0.81
f1,val,1165,0.74
recall,train,1166,0.72
f1,val,1166,0.81
accuracy,train,1166,0.8
log_loss,test,1167,1.27
accuracy,train,1167,0.93
f1,train,1167,0.62
f1,train,1168,0.78
auc_roc,test,1168,0.61
precision,train,1168,0.78
recall,test,1169,0.71
log_loss,train,1169,1.32
accuracy,test,1169,0.81
accuracy,val,117,0.95
recall,train,117,0.96
accuracy,test,117,0.82
precision,train,1170,0.97
auc_roc,test,1170,0.78
log_loss,test,1171,0.65
auc_roc,test,1171,0.8
auc_roc,val,1171,0.7
precision,train,1172,0.91
auc_roc,train,1172,0.95
accuracy,train,1172,0.82
auc_roc,test,1173,0.8
log_loss,train,1173,0.13
f1,test,1173,0.93
log_loss,test,1174,1.34
auc_roc,test,1174,0.8
log_loss,train,1175,0.09
recall,train,1175,0.61
precision,train,1175,0.62
accuracy,test,1176,0.81
auc_roc,train,1176,0.74
precision,train,1176,0.8
accuracy,train,1177,0.8
precision,test,1177,0.81
recall,train,1177,0.96
precision,train,1178,0.7
f1,test,1178,0.8
f1,train,1178,0.87
precision,train,1179,0.96
auc_roc,test,1179,0.62
auc_roc,val,118,0.68
accuracy,train,118,0.95
recall,train,118,0.89
log_loss,train,1180,0.21
accuracy,train,1180,0.8
log_loss,val,1180,0.58
f1,train,1181,0.97
precision,val,1181,0.78
log_loss,train,1181,0.55
precision,train,1182,0.89
f1,train,1182,0.85
log_loss,val,1183,0.62
auc_roc,train,1183,0.82
accuracy,train,1183,0.92
accuracy,val,1184,0.94
accuracy,train,1184,0.81
auc_roc,train,1184,0.71
log_loss,train,1185,1.48
recall,test,1185,0.73
auc_roc,val,1185,0.87
recall,test,1186,0.87
auc_roc,test,1186,0.71
accuracy,val,1186,0.82
auc_roc,val,1187,0.78
f1,train,1187,0.75
accuracy,val,1187,0.94
f1,train,1188,0.64
log_loss,train,1188,0.89
accuracy,test,1188,0.96
recall,train,1189,0.73
recall,test,1189,0.92
auc_roc,val,1189,0.78
f1,train,119,0.65
f1,val,1190,0.8
f1,train,1190,0.95
auc_roc,val,1190,0.53
recall,train,1191,0.96
auc_roc,test,1191,0.66
accuracy,val,1191,0.94
precision,train,1192,0.97
precision,val,1192,0.94
f1,train,1192,0.67
recall,test,1193,0.89
auc_roc,train,1193,0.55
accuracy,train,1193,0.91
accuracy,val,1194,0.93
precision,val,1194,0.63
accuracy,train,1195,0.98
log_loss,test,1195,0.46
precision,train,1195,0.76
recall,train,1196,0.92
auc_roc,train,1196,0.52
accuracy,train,1197,0.81
f1,val,1197,0.61
precision,train,1197,0.97
recall,train,1198,0.74
log_loss,val,1198,1.35
f1,test,1198,0.68
log_loss,train,1199,0.71
accuracy,test,1199,0.99
log_loss,test,1199,0.48
accuracy,val,12,0.86
precision,val,12,0.72
recall,val,12,0.89
log_loss,val,120,0.27
auc_roc,test,120,0.61
precision,val,120,0.63
accuracy,train,1200,0.97
log_loss,test,1200,1.46
f1,train,1200,0.82
auc_roc,train,1201,0.94
accuracy,train,1201,0.98
precision,train,1201,0.87
auc_roc,val,1202,0.93
recall,train,1202,0.91
auc_roc,train,1202,0.87
f1,test,1203,0.73
recall,train,1203,0.91
f1,train,1203,0.63
f1,train,1204,0.97
log_loss,train,1204,1.26
auc_roc,train,1204,0.83
log_loss,train,1205,1.45
f1,val,1205,0.81
accuracy,test,1205,0.87
accuracy,train,1206,0.8
precision,train,1206,0.69
auc_roc,test,1206,0.98
log_loss,val,1207,0.75
recall,val,1208,0.98
precision,train,1208,0.87
accuracy,train,1209,0.9
precision,test,1209,0.85
log_loss,train,1209,0.34
accuracy,test,121,0.82
auc_roc,test,121,0.94
auc_roc,val,121,0.74
recall,test,1210,0.67
accuracy,val,1210,0.84
precision,train,1211,0.94
accuracy,train,1211,0.89
log_loss,train,1211,0.38
f1,train,1212,0.68
accuracy,train,1212,0.86
auc_roc,train,1213,0.57
recall,train,1213,0.72
f1,train,1213,0.66
recall,train,1214,0.92
accuracy,train,1215,0.92
precision,train,1215,0.79
f1,train,1215,0.75
precision,train,1216,0.89
auc_roc,val,1216,0.73
log_loss,test,1217,0.73
precision,train,1217,0.76
auc_roc,test,1217,0.55
recall,train,1218,0.78
precision,train,1218,0.8
precision,test,1218,0.76
log_loss,test,1219,0.42
precision,val,1219,0.71
recall,val,1219,0.67
log_loss,train,122,0.52
auc_roc,test,122,0.91
auc_roc,train,122,0.77
f1,train,1220,0.91
precision,train,1220,0.96
recall,test,1220,0.95
auc_roc,train,1221,0.77
recall,test,1221,0.78
log_loss,val,1221,1.47
f1,train,1222,0.86
accuracy,train,1222,0.9
auc_roc,val,1223,0.91
log_loss,test,1223,1.3
precision,train,1223,0.79
precision,train,1224,0.86
auc_roc,val,1224,0.85
accuracy,train,1224,0.91
f1,val,1225,0.82
log_loss,test,1225,1.29
recall,val,1225,0.8
precision,val,1226,0.88
f1,train,1226,0.8
precision,test,1226,0.84
f1,train,1227,0.92
precision,train,1227,0.89
recall,train,1227,0.92
f1,val,1228,0.84
accuracy,train,1228,0.92
log_loss,test,1228,0.36
log_loss,val,1229,0.84
auc_roc,test,1229,0.91
log_loss,train,1229,0.12
recall,train,123,0.96
log_loss,train,1230,1.06
log_loss,test,1230,0.73
accuracy,val,1230,0.96
precision,train,1231,0.67
auc_roc,test,1231,0.94
f1,train,1231,0.88
f1,val,1232,0.97
f1,test,1232,0.65
precision,train,1232,0.93
accuracy,test,1233,0.96
f1,test,1233,0.89
log_loss,test,1233,0.44
log_loss,val,1234,0.46
precision,test,1234,0.79
precision,val,1234,0.94
f1,test,1235,0.73
accuracy,val,1235,0.98
recall,test,1235,0.93
accuracy,train,1236,0.84
f1,val,1236,0.88
log_loss,train,1236,1.25
precision,test,1237,0.62
precision,train,1237,0.66
log_loss,test,1237,1.43
precision,val,1238,0.82
accuracy,train,1238,0.81
f1,test,1238,0.68
recall,train,1239,0.72
f1,train,1239,0.8
accuracy,train,1239,0.97
accuracy,train,124,0.88
recall,test,124,0.93
accuracy,val,124,0.86
f1,test,1240,0.79
precision,train,1240,0.97
accuracy,val,1240,0.96
auc_roc,train,1241,0.93
recall,train,1241,0.6
f1,train,1241,0.84
recall,train,1242,0.98
auc_roc,train,1242,0.79
precision,test,1242,0.83
accuracy,train,1243,0.9
recall,val,1243,0.9
log_loss,train,1243,0.72
recall,train,1244,0.75
auc_roc,train,1244,0.82
f1,val,1244,0.75
f1,val,1245,0.62
f1,train,1245,0.98
log_loss,train,1246,0.14
auc_roc,train,1246,0.77
auc_roc,val,1247,0.92
accuracy,test,1247,0.97
auc_roc,test,1247,0.97
precision,train,1248,0.97
log_loss,test,1248,1.23
precision,val,1248,0.62
log_loss,train,1249,0.84
f1,train,1249,0.75
accuracy,val,1249,0.83
accuracy,val,125,0.92
precision,train,125,0.85
recall,train,125,0.97
auc_roc,val,1250,0.61
accuracy,test,1250,0.82
auc_roc,train,1250,0.9
accuracy,val,1251,0.8
log_loss,train,1251,1.49
recall,test,1251,0.88
f1,train,1252,0.68
precision,train,1252,0.83
log_loss,val,1252,0.12
precision,train,1253,0.7
f1,train,1253,0.78
accuracy,train,1254,0.99
recall,train,1254,0.6
f1,val,1254,0.64
recall,train,1255,0.8
auc_roc,val,1255,0.65
log_loss,train,1255,0.28
accuracy,val,1256,0.94
auc_roc,train,1256,0.66
recall,test,1256,0.67
log_loss,train,1257,0.62
recall,train,1257,0.95
auc_roc,val,1257,0.79
accuracy,val,1258,0.96
accuracy,train,1258,0.95
precision,train,1258,0.94
precision,train,1259,0.82
recall,train,1259,0.83
log_loss,val,1259,1.18
recall,train,126,0.96
recall,test,126,0.71
precision,train,1260,0.88
recall,val,1260,0.85
auc_roc,train,1260,0.56
recall,val,1261,0.93
precision,train,1261,0.77
auc_roc,train,1261,0.53
f1,test,1262,0.87
accuracy,train,1262,0.9
precision,train,1262,0.84
f1,val,1263,0.97
precision,train,1263,0.61
accuracy,test,1263,0.98
recall,train,1264,0.68
f1,val,1264,0.88
accuracy,val,1264,0.83
precision,test,1265,0.88
log_loss,train,1265,0.59
precision,train,1266,0.7
auc_roc,train,1266,0.6
precision,test,1266,0.72
precision,train,1267,0.91
accuracy,test,1267,0.98
f1,val,1267,0.79
accuracy,val,1268,0.9
precision,train,1268,0.9
accuracy,test,1268,0.85
precision,val,1269,0.92
accuracy,val,1269,0.85
auc_roc,train,1269,0.84
f1,train,127,0.89
f1,val,127,0.95
precision,test,1270,0.97
precision,val,1270,0.6
auc_roc,train,1270,0.98
f1,train,1271,0.97
accuracy,test,1271,0.9
recall,train,1272,0.93
recall,test,1272,0.81
accuracy,val,1272,0.96
recall,val,1273,0.8
precision,train,1273,0.91
f1,train,1273,0.67
accuracy,train,1274,0.96
f1,train,1274,0.64
precision,train,1274,0.78
precision,test,1275,0.61
precision,train,1275,0.9
accuracy,test,1276,0.91
recall,test,1276,0.66
auc_roc,test,1276,0.77
f1,train,1277,0.7
log_loss,test,1277,0.69
log_loss,train,1277,0.84
f1,train,1278,0.85
precision,train,1278,0.94
precision,val,1278,0.65
precision,train,1279,0.97
log_loss,val,1279,1.08
f1,train,1279,0.94
accuracy,train,128,0.93
f1,test,128,0.87
precision,val,128,0.9
f1,val,1280,0.65
precision,train,1280,0.66
auc_roc,val,1280,0.72
log_loss,test,1281,1.19
recall,train,1281,0.75
log_loss,val,1281,0.72
log_loss,test,1282,0.74
f1,train,1282,0.91
precision,train,1282,0.63
f1,val,1283,0.61
accuracy,train,1283,0.85
f1,train,1283,0.67
log_loss,train,1284,0.44
f1,val,1284,0.64
recall,val,1285,0.87
log_loss,val,1285,0.92
log_loss,test,1285,1.41
auc_roc,val,1286,0.94
f1,train,1286,0.86
accuracy,train,1286,0.85
f1,train,1287,0.6
precision,train,1287,0.82
auc_roc,train,1287,0.77
recall,test,1288,0.66
recall,train,1288,0.72
recall,val,1288,0.91
auc_roc,test,1289,0.68
f1,train,1289,0.8
accuracy,test,129,0.82
recall,train,129,0.96
accuracy,train,129,0.89
recall,test,1290,0.66
log_loss,test,1290,0.97
auc_roc,val,1290,0.52
log_loss,test,1291,0.68
f1,val,1291,0.67
log_loss,val,1291,0.5
precision,train,1292,0.95
log_loss,train,1292,0.28
recall,test,1292,0.94
log_loss,train,1293,0.99
precision,test,1293,0.67
recall,train,1293,0.67
precision,train,1294,0.75
auc_roc,test,1294,0.67
f1,train,1294,0.62
log_loss,train,1295,1.19
recall,val,1295,0.96
precision,train,1295,0.98
auc_roc,val,1296,0.95
precision,test,1296,0.96
precision,val,1296,0.89
recall,train,1297,0.87
precision,test,1297,0.77
accuracy,test,1297,0.87
auc_roc,test,1298,0.62
log_loss,train,1298,0.97
accuracy,train,1299,0.89
recall,test,1299,0.83
f1,train,1299,0.66
log_loss,val,13,1.49
precision,val,13,0.83
recall,test,13,0.94
log_loss,train,130,1.27
precision,train,130,0.88
auc_roc,train,1300,0.83
f1,train,1300,0.71
log_loss,val,1300,0.65
auc_roc,val,1301,0.6
f1,val,1301,0.96
log_loss,val,1301,0.41
accuracy,train,1302,0.98
accuracy,test,1302,0.97
precision,val,1302,0.87
recall,test,1303,0.86
f1,test,1303,0.81
auc_roc,val,1303,0.56
log_loss,val,1304,0.65
recall,test,1304,0.9
precision,test,1304,0.73
precision,train,1305,0.95
accuracy,train,1305,0.99
f1,val,1305,0.97
accuracy,train,1306,0.82
precision,test,1306,0.6
log_loss,train,1306,1.3
auc_roc,test,1307,0.78
precision,train,1307,0.91
accuracy,test,1307,0.82
precision,train,1308,0.72
log_loss,val,1309,1.42
recall,train,1309,0.68
log_loss,test,1309,0.27
log_loss,val,131,0.7
accuracy,test,131,0.88
log_loss,train,131,0.13
log_loss,train,1310,0.59
accuracy,train,1310,0.96
log_loss,test,1310,0.42
auc_roc,val,1311,0.71
f1,train,1311,0.76
recall,train,1311,0.69
precision,train,1312,0.77
auc_roc,test,1312,0.87
auc_roc,train,1312,0.9
precision,train,1313,0.6
recall,val,1313,0.91
accuracy,train,1313,0.91
precision,val,1314,0.96
log_loss,train,1314,0.58
precision,train,1314,0.79
precision,train,1315,0.7
recall,val,1315,0.73
recall,train,1315,0.83
recall,train,1316,0.78
f1,val,1316,0.92
precision,val,1316,0.96
f1,train,1317,0.74
auc_roc,test,1317,0.52
recall,val,1317,0.62
f1,val,1318,0.85
precision,val,1318,0.9
auc_roc,test,1318,0.61
auc_roc,test,1319,0.66
precision,train,1319,0.94
accuracy,train,132,0.83
precision,val,132,0.62
auc_roc,test,132,0.91
auc_roc,test,1320,0.64
f1,train,1320,0.87
precision,train,1320,0.93
f1,train,1321,0.85
accuracy,train,1321,0.82
log_loss,train,1321,0.95
recall,val,1322,0.79
accuracy,val,1322,0.84
precision,train,1322,0.75
log_loss,test,1323,1.1
accuracy,val,1323,0.9
f1,train,1323,0.93
accuracy,val,1324,0.87
f1,test,1324,0.69
precision,test,1324,0.71
auc_roc,test,1325,0.67
precision,train,1325,0.83
recall,train,1325,0.75
accuracy,test,1326,0.9
precision,train,1326,0.8
precision,test,1326,0.86
precision,val,1327,0.98
accuracy,test,1327,0.89
precision,train,1327,0.93
log_loss,test,1328,0.25
auc_roc,train,1328,0.97
accuracy,train,1328,0.91
accuracy,train,1329,0.96
log_loss,test,1329,1.29
precision,train,1329,0.67
auc_roc,val,133,0.65
precision,test,133,0.86
recall,train,133,0.82
log_loss,test,1330,0.43
accuracy,train,1330,0.9
recall,test,1330,0.64
log_loss,train,1331,0.46
log_loss,val,1331,1.47
f1,val,1331,0.92
precision,test,1332,0.91
log_loss,train,1332,1.16
precision,test,1333,0.74
accuracy,val,1333,0.9
log_loss,train,1333,0.28
precision,val,1334,0.7
log_loss,test,1334,0.99
recall,train,1334,0.79
f1,val,1335,0.61
accuracy,train,1335,0.96
precision,val,1335,0.78
f1,val,1336,0.95
accuracy,train,1336,0.84
recall,val,1337,0.71
f1,train,1337,0.69
accuracy,test,1337,0.83
accuracy,train,1338,0.92
recall,test,1338,0.91
f1,train,1338,0.8
f1,train,1339,0.85
precision,train,1339,0.68
recall,test,1339,0.71
f1,train,134,0.71
auc_roc,val,134,0.56
recall,val,134,0.92
auc_roc,train,1340,0.97
log_loss,val,1340,0.29
f1,train,1341,0.96
log_loss,train,1341,0.64
precision,val,1341,0.85
auc_roc,val,1342,0.98
recall,train,1342,0.75
recall,val,1342,0.97
accuracy,test,1343,0.96
accuracy,train,1343,0.8
recall,test,1343,0.73
accuracy,train,1344,0.92
log_loss,train,1344,0.15
precision,train,1344,0.72
auc_roc,val,1345,0.82
f1,test,1345,0.73
recall,train,1346,0.73
f1,train,1346,0.71
precision,train,1346,0.65
recall,test,1347,0.67
f1,test,1347,0.9
recall,train,1347,0.75
f1,test,1348,0.82
auc_roc,val,1348,0.73
recall,train,1348,0.68
recall,val,1349,0.69
recall,train,1349,0.78
precision,train,1349,0.89
precision,val,135,0.71
recall,train,135,0.6
auc_roc,test,1350,0.82
precision,val,1350,0.86
accuracy,train,1350,0.85
auc_roc,val,1351,0.53
precision,train,1351,0.86
recall,train,1351,0.8
f1,train,1352,0.64
recall,train,1352,0.7
accuracy,train,1352,0.87
precision,val,1353,0.87
precision,train,1353,0.91
f1,val,1353,0.93
log_loss,test,1354,1.23
f1,val,1354,0.87
f1,test,1354,0.81
auc_roc,train,1355,0.64
precision,test,1355,0.86
accuracy,val,1355,0.94
auc_roc,val,1356,0.85
auc_roc,train,1356,0.93
f1,test,1357,0.74
recall,train,1357,0.74
log_loss,test,1358,0.61
f1,val,1358,0.6
auc_roc,train,1358,0.56
accuracy,test,1359,0.94
precision,test,1359,0.76
recall,test,1359,0.93
recall,val,136,0.63
log_loss,val,136,0.62
accuracy,val,136,0.9
f1,test,1360,0.86
f1,train,1360,0.89
auc_roc,val,1360,0.72
f1,test,1361,0.72
precision,train,1361,0.67
f1,train,1361,0.62
auc_roc,train,1362,0.65
auc_roc,test,1362,0.9
log_loss,val,1362,1.28
log_loss,test,1363,0.32
auc_roc,train,1363,0.79
precision,train,1363,0.86
recall,train,1364,0.96
recall,test,1364,0.66
f1,train,1364,0.7
recall,val,1365,0.64
log_loss,test,1365,0.26
accuracy,train,1365,0.92
log_loss,val,1366,0.39
accuracy,train,1366,0.98
log_loss,train,1366,1.37
f1,train,1367,0.98
auc_roc,train,1367,0.76
accuracy,test,1367,0.86
f1,train,1368,0.81
auc_roc,test,1368,0.72
accuracy,test,1368,0.92
auc_roc,train,1369,0.5
f1,test,1369,0.91
accuracy,train,1369,0.98
precision,test,137,0.85
precision,train,137,0.66
log_loss,train,137,1.35
precision,val,1370,0.68
precision,train,1370,0.95
f1,val,1370,0.8
accuracy,train,1371,0.89
recall,train,1371,0.61
log_loss,train,1371,0.99
precision,train,1372,0.62
f1,train,1372,0.6
auc_roc,train,1372,0.65
f1,train,1373,0.61
accuracy,test,1373,0.91
accuracy,train,1373,0.91
precision,train,1374,0.78
accuracy,train,1374,0.89
log_loss,test,1374,0.82
f1,train,1375,0.79
precision,train,1375,0.78
accuracy,test,1375,0.87
precision,train,1376,0.92
log_loss,val,1376,1.33
auc_roc,val,1376,0.72
log_loss,val,1377,1.06
precision,val,1377,0.63
f1,train,1377,0.85
recall,val,1378,0.89
f1,train,1378,0.62
recall,train,1378,0.87
recall,train,1379,0.75
auc_roc,train,1379,0.93
recall,test,138,0.66
f1,train,138,0.92
accuracy,val,1380,0.94
recall,train,1380,0.89
auc_roc,train,1380,0.85
auc_roc,test,1381,0.96
recall,test,1381,0.82
accuracy,train,1381,0.86
recall,test,1382,0.6
auc_roc,train,1382,0.84
precision,train,1382,0.94
accuracy,test,1383,0.94
auc_roc,val,1383,0.92
f1,train,1383,0.81
accuracy,train,1384,0.81
recall,test,1384,0.83
precision,train,1384,0.61
log_loss,val,1385,0.44
f1,test,1385,0.87
accuracy,test,1386,0.95
precision,test,1386,0.65
precision,train,1386,0.84
auc_roc,train,1387,0.87
precision,val,1387,0.92
f1,train,1387,0.78
log_loss,train,1388,0.74
precision,val,1388,0.88
accuracy,val,1388,0.98
precision,val,1389,0.95
auc_roc,train,1389,0.73
log_loss,test,1389,0.21
accuracy,test,139,0.97
log_loss,val,139,1.17
precision,train,139,0.98
log_loss,train,1390,0.9
auc_roc,train,1390,0.97
log_loss,val,1390,0.43
precision,train,1391,0.61
log_loss,val,1391,0.11
accuracy,test,1391,0.88
precision,train,1392,0.97
recall,test,1392,0.84
recall,train,1392,0.81
auc_roc,train,1393,0.75
log_loss,train,1393,1.11
precision,train,1393,0.91
precision,val,1394,0.94
recall,test,1394,0.98
f1,val,1394,0.88
accuracy,train,1395,0.93
precision,train,1395,0.93
f1,test,1396,0.77
precision,train,1396,0.98
auc_roc,train,1396,0.71
f1,test,1397,0.8
log_loss,train,1397,1.31
log_loss,test,1397,0.43
recall,train,1398,0.75
log_loss,train,1398,1.16
precision,val,1398,0.75
accuracy,train,1399,0.97
log_loss,test,1399,0.38
recall,val,1399,0.78
log_loss,test,14,0.73
precision,val,14,0.85
auc_roc,val,14,0.71
precision,train,140,0.65
recall,val,140,0.66
f1,test,140,0.63
auc_roc,val,1400,0.58
accuracy,test,1400,0.97
accuracy,train,1400,0.86
auc_roc,test,1401,0.96
log_loss,train,1401,1.43
f1,train,1401,0.78
accuracy,train,1402,0.96
accuracy,val,1402,0.95
auc_roc,test,1402,0.98
f1,val,1403,0.75
log_loss,val,1403,0.72
log_loss,test,1403,0.47
log_loss,val,1404,1.2
log_loss,test,1404,0.23
recall,test,1404,0.92
auc_roc,train,1405,0.78
accuracy,val,1405,0.99
log_loss,val,1405,0.19
log_loss,train,1406,0.76
recall,test,1406,0.73
accuracy,train,1406,0.83
f1,val,1407,0.85
recall,train,1407,0.92
f1,test,1407,0.88
f1,train,1408,0.78
auc_roc,val,1408,0.51
log_loss,train,1408,0.52
accuracy,train,1409,0.8
f1,train,1409,0.61
recall,train,1409,0.93
log_loss,val,141,0.26
accuracy,val,141,0.87
log_loss,train,141,1.46
auc_roc,train,1410,0.59
recall,train,1410,0.66
recall,val,1410,0.81
auc_roc,test,1411,0.57
accuracy,val,1411,0.94
f1,train,1412,0.66
log_loss,test,1412,0.72
recall,train,1413,0.93
f1,test,1413,0.93
f1,train,1413,0.74
f1,train,1414,0.96
accuracy,train,1414,0.81
auc_roc,train,1414,0.76
accuracy,train,1415,0.85
auc_roc,val,1415,0.65
f1,train,1416,0.77
log_loss,test,1416,0.8
recall,train,1416,0.77
log_loss,val,1417,1.24
accuracy,train,1417,0.9
recall,train,1417,0.68
auc_roc,val,1418,0.79
log_loss,train,1418,1.23
recall,train,1418,0.94
f1,test,1419,0.82
recall,train,1419,0.69
accuracy,val,1419,0.98
accuracy,train,142,0.94
f1,val,142,0.91
recall,val,1420,0.94
auc_roc,train,1420,0.78
precision,train,1420,0.91
accuracy,test,1421,0.95
log_loss,train,1421,0.16
f1,train,1421,0.62
accuracy,val,1422,0.98
precision,train,1422,0.77
precision,test,1422,0.68
log_loss,test,1423,0.87
precision,train,1423,0.9
recall,train,1423,0.74
accuracy,train,1424,0.8
auc_roc,test,1424,0.63
f1,test,1424,0.91
auc_roc,test,1425,0.72
recall,test,1425,0.61
log_loss,val,1425,0.45
log_loss,val,1426,0.19
f1,val,1426,0.65
recall,train,1426,0.71
recall,test,1427,0.9
log_loss,train,1427,0.05
f1,train,1427,0.88
f1,train,1428,0.83
precision,test,1428,0.84
recall,test,1428,0.67
log_loss,train,1429,1.15
precision,train,1429,0.78
recall,train,1429,0.64
log_loss,test,143,0.12
log_loss,val,143,0.69
precision,train,143,0.61
auc_roc,test,1430,0.82
auc_roc,train,1430,0.88
accuracy,test,1430,0.86
recall,train,1431,0.95
f1,val,1431,0.91
accuracy,test,1431,0.99
log_loss,train,1432,1.42
auc_roc,val,1432,0.76
log_loss,val,1432,0.4
precision,train,1433,0.75
accuracy,val,1433,0.93
precision,val,1433,0.62
auc_roc,train,1434,0.53
precision,train,1434,0.96
log_loss,test,1434,0.22
f1,val,1435,0.65
accuracy,val,1435,0.9
log_loss,test,1435,0.81
accuracy,test,1436,0.92
recall,train,1436,0.84
f1,val,1436,0.93
precision,val,1437,0.76
auc_roc,val,1437,0.92
f1,train,1437,0.84
log_loss,val,1438,1.32
log_loss,test,1438,0.4
f1,test,1438,0.87
log_loss,train,1439,1.03
precision,train,1439,0.64
precision,test,1439,0.98
recall,train,144,0.97
log_loss,train,144,1.35
auc_roc,val,144,0.84
accuracy,train,1440,0.97
auc_roc,train,1440,0.58
recall,train,1440,0.77
f1,train,1441,0.69
f1,val,1441,0.69
f1,test,1441,0.74
f1,val,1442,0.66
f1,train,1442,0.77
precision,train,1442,0.74
precision,train,1443,0.81
f1,train,1443,0.65
accuracy,train,1444,0.89
recall,train,1444,0.66
f1,test,1445,0.61
auc_roc,train,1445,0.56
log_loss,test,1445,0.3
precision,test,1446,0.83
auc_roc,test,1446,0.91
auc_roc,train,1446,0.83
recall,train,1447,0.81
accuracy,train,1447,0.87
auc_roc,test,1447,0.84
auc_roc,val,1448,0.65
log_loss,train,1448,0.73
auc_roc,train,1449,0.53
accuracy,train,1449,0.85
log_loss,train,1449,0.56
recall,train,145,0.96
accuracy,train,145,0.8
accuracy,test,145,0.82
accuracy,val,1450,0.87
f1,test,1450,0.69
auc_roc,train,1450,0.65
recall,test,1451,0.85
recall,val,1451,0.65
precision,test,1451,0.92
auc_roc,test,1452,0.6
log_loss,train,1452,0.58
precision,val,1452,0.65
accuracy,train,1453,0.96
log_loss,train,1453,1.41
auc_roc,train,1453,0.64
recall,test,1454,0.97
auc_roc,train,1454,0.62
auc_roc,test,1454,0.73
auc_roc,val,1455,0.77
accuracy,train,1455,0.85
accuracy,test,1455,0.89
precision,train,1456,0.74
auc_roc,train,1456,0.53
f1,train,1456,0.62
f1,test,1457,0.77
precision,val,1457,0.73
log_loss,test,1457,0.69
auc_roc,val,1458,0.54
f1,test,1458,0.94
accuracy,train,1458,0.89
f1,train,1459,0.61
accuracy,train,1459,0.93
log_loss,train,1459,1.15
precision,test,146,0.9
auc_roc,test,146,0.6
f1,test,146,0.78
auc_roc,test,1460,0.71
precision,train,1460,0.73
precision,val,1460,0.75
log_loss,test,1461,1.24
f1,train,1461,0.93
log_loss,train,1461,0.92
f1,test,1462,0.82
accuracy,val,1462,0.95
auc_roc,val,1462,0.72
precision,val,1463,0.88
recall,val,1463,0.76
recall,val,1464,0.92
log_loss,train,1464,0.33
recall,train,1465,0.89
auc_roc,test,1465,0.53
precision,train,1465,0.6
accuracy,train,1466,0.86
precision,test,1466,0.72
recall,test,1466,0.63
accuracy,train,1467,0.96
recall,test,1467,0.77
log_loss,test,1467,0.39
precision,val,1468,0.64
precision,test,1468,0.62
log_loss,test,1468,0.91
accuracy,train,1469,0.94
log_loss,train,1469,1.15
accuracy,test,1469,0.84
accuracy,val,147,0.9
accuracy,test,147,0.9
precision,test,147,0.67
f1,train,1470,0.74
recall,val,1470,0.79
precision,train,1470,0.98
accuracy,test,1471,0.86
f1,train,1471,0.66
auc_roc,train,1471,0.72
accuracy,test,1472,0.94
auc_roc,val,1472,0.66
f1,train,1472,0.69
auc_roc,train,1473,0.92
precision,train,1473,0.7
auc_roc,train,1474,0.73
f1,val,1474,0.72
auc_roc,test,1474,0.92
accuracy,train,1475,0.85
f1,val,1475,0.75
f1,test,1475,0.98
accuracy,val,1476,0.94
auc_roc,val,1476,0.52
precision,train,1476,0.64
log_loss,test,1477,0.15
auc_roc,train,1477,0.89
precision,test,1478,0.87
log_loss,train,1478,1.13
accuracy,test,1478,0.85
accuracy,train,1479,0.96
f1,train,1479,0.87
precision,test,1479,0.95
f1,test,148,0.97
auc_roc,val,148,0.5
accuracy,train,148,0.97
precision,val,1480,0.93
accuracy,test,1480,0.88
auc_roc,train,1480,0.9
log_loss,val,1481,0.66
accuracy,train,1481,0.81
auc_roc,test,1481,0.85
accuracy,test,1482,0.81
log_loss,train,1482,0.81
f1,test,1482,0.94
recall,val,1483,0.9
auc_roc,val,1483,0.98
log_loss,test,1483,1.27
precision,val,1484,0.79
recall,val,1484,0.63
recall,train,1484,0.98
auc_roc,test,1485,0.91
recall,val,1485,0.79
precision,train,1485,0.6
recall,train,1486,0.6
log_loss,val,1486,1.01
accuracy,train,1486,0.97
log_loss,test,1487,1.21
auc_roc,val,1487,0.56
recall,train,1487,0.7
f1,train,1488,0.66
accuracy,train,1488,0.98
log_loss,test,1489,0.18
accuracy,test,1489,0.98
auc_roc,val,149,0.56
log_loss,test,149,0.85
f1,test,149,0.79
f1,test,1490,0.78
recall,train,1490,0.88
precision,val,1490,0.78
auc_roc,train,1491,0.91
precision,test,1491,0.98
log_loss,train,1491,1.33
accuracy,val,1492,0.82
log_loss,val,1492,1.09
f1,val,1492,0.84
accuracy,train,1493,0.82
auc_roc,test,1493,0.67
f1,train,1493,0.85
f1,test,1494,0.64
accuracy,val,1494,0.82
accuracy,train,1494,0.85
recall,train,1495,0.75
f1,val,1496,0.66
recall,train,1496,0.97
f1,test,1496,0.75
accuracy,test,1497,0.98
auc_roc,val,1497,0.8
accuracy,train,1497,0.85
log_loss,train,1498,0.12
accuracy,train,1498,0.81
log_loss,test,1498,1.43
recall,val,1499,0.62
log_loss,train,1499,0.05
f1,train,1499,0.93
accuracy,val,15,0.94
f1,train,15,0.78
accuracy,train,15,0.91
recall,test,150,0.67
accuracy,test,150,0.81
precision,train,1500,0.65
f1,train,1500,0.95
recall,test,151,0.69
f1,test,151,0.71
precision,val,151,0.77
precision,val,152,0.98
auc_roc,val,152,0.63
recall,train,152,0.61
accuracy,test,153,0.85
accuracy,val,153,0.95
auc_roc,test,154,0.93
auc_roc,train,154,0.52
log_loss,train,154,0.79
precision,test,155,0.83
accuracy,test,155,0.86
accuracy,val,155,0.81
precision,train,156,0.67
log_loss,val,156,0.35
auc_roc,train,157,0.76
accuracy,val,157,0.97
precision,train,158,0.87
accuracy,test,158,0.89
f1,test,159,0.69
auc_roc,val,159,0.65
recall,train,16,0.89
log_loss,val,16,0.13
precision,train,16,0.79
recall,train,160,0.84
log_loss,test,160,1.2
accuracy,val,160,0.99
precision,val,161,0.78
log_loss,train,161,1.47
precision,test,162,0.72
accuracy,train,162,0.93
accuracy,test,162,0.97
precision,train,163,0.7
auc_roc,train,163,0.92
accuracy,test,163,0.98
recall,train,164,0.66
precision,test,164,0.69
f1,val,164,0.79
accuracy,train,165,0.92
auc_roc,test,165,0.63
precision,train,165,0.97
accuracy,val,166,0.87
log_loss,test,166,1.11
precision,val,166,0.64
auc_roc,train,167,0.84
log_loss,val,167,1.26
log_loss,train,167,0.19
auc_roc,test,168,0.81
precision,test,168,0.93
recall,val,168,0.63
accuracy,val,169,0.85
auc_roc,train,169,0.9
f1,train,17,0.83
f1,val,17,0.85
recall,test,17,0.86
accuracy,test,170,0.98
f1,val,170,0.89
recall,train,171,0.72
precision,train,171,0.81
accuracy,val,171,0.95
accuracy,test,172,0.97
precision,val,172,0.71
f1,train,172,0.68
log_loss,train,173,0.43
recall,test,173,0.74
recall,train,173,0.74
f1,val,174,0.73
recall,test,174,0.81
accuracy,val,174,0.95
auc_roc,test,175,0.88
auc_roc,val,175,0.67
log_loss,test,175,1.18
recall,val,176,0.92
auc_roc,val,176,0.91
accuracy,train,176,0.94
precision,train,177,0.97
precision,test,177,0.94
auc_roc,train,177,0.71
auc_roc,train,178,0.72
precision,val,178,0.67
accuracy,val,178,0.88
recall,val,179,0.95
precision,train,179,0.88
accuracy,train,179,0.8
log_loss,test,18,1.41
precision,train,18,0.61
accuracy,train,180,0.84
precision,val,180,0.66
accuracy,val,180,0.92
log_loss,train,181,1.38
recall,train,181,0.77
precision,test,181,0.69
log_loss,val,182,1.35
f1,train,182,0.61
recall,train,182,0.97
log_loss,train,183,1.49
precision,test,183,0.93
recall,test,184,0.85
recall,train,184,0.75
auc_roc,train,185,0.92
accuracy,test,185,0.89
precision,test,185,0.7
log_loss,test,186,0.42
recall,val,186,0.67
precision,train,186,0.95
precision,test,187,0.8
log_loss,test,187,0.43
precision,train,187,0.86
precision,train,188,0.63
f1,val,188,0.79
log_loss,train,188,0.72
recall,train,189,0.74
f1,test,189,0.79
auc_roc,test,189,0.58
accuracy,val,19,0.94
accuracy,test,19,0.97
accuracy,train,19,0.91
recall,val,190,0.8
f1,train,190,0.72
log_loss,train,190,0.09
f1,val,191,0.75
auc_roc,test,191,0.79
log_loss,train,191,1.05
accuracy,train,192,0.89
auc_roc,train,192,0.97
precision,test,192,0.9
f1,train,193,0.66
auc_roc,test,193,0.82
recall,test,193,0.83
recall,train,194,0.88
log_loss,train,194,0.17
auc_roc,train,194,0.89
log_loss,val,195,1.01
recall,train,195,0.67
accuracy,test,195,0.86
auc_roc,train,196,0.98
accuracy,val,196,0.8
f1,test,196,0.77
auc_roc,train,197,0.97
f1,test,197,0.81
accuracy,train,197,0.99
precision,test,198,0.91
accuracy,val,198,0.9
auc_roc,test,198,0.96
precision,train,199,0.66
recall,train,199,0.78
f1,train,199,0.89
f1,train,2,0.6
precision,train,2,0.67
accuracy,val,2,0.96
log_loss,test,20,0.49
accuracy,train,20,0.98
recall,train,20,0.77
auc_roc,test,200,0.56
precision,train,200,0.91
log_loss,val,200,0.45
recall,train,201,0.63
f1,test,201,0.77
auc_roc,test,201,0.9
log_loss,test,202,1.2
accuracy,train,202,0.82
accuracy,val,202,0.81
recall,train,203,0.96
log_loss,val,203,0.16
log_loss,train,203,0.35
precision,train,204,0.9
log_loss,val,204,0.88
log_loss,test,204,0.45
log_loss,test,205,1.22
f1,train,205,0.62
auc_roc,train,205,0.88
f1,train,206,0.65
accuracy,train,206,0.93
precision,val,207,0.86
log_loss,val,207,1.45
f1,train,207,0.63
precision,test,208,0.8
log_loss,val,208,1.43
f1,train,208,0.64
recall,train,209,0.92
precision,train,209,0.87
precision,train,21,0.69
auc_roc,train,21,0.88
accuracy,train,21,0.92
auc_roc,train,210,0.52
f1,test,210,0.78
precision,train,210,0.93
precision,test,211,0.61
f1,train,211,0.77
accuracy,test,211,0.94
accuracy,test,212,0.97
log_loss,test,212,0.19
auc_roc,test,212,0.81
accuracy,train,213,0.83
log_loss,test,213,0.64
accuracy,val,214,0.95
accuracy,train,214,0.97
log_loss,train,214,0.52
recall,test,215,0.76
recall,val,215,0.74
f1,val,216,0.95
recall,train,216,0.61
precision,train,216,0.9
log_loss,val,217,1.08
f1,train,217,0.94
recall,test,217,0.9
f1,val,218,0.64
recall,train,218,0.76
precision,train,218,0.74
log_loss,train,219,1.39
f1,train,219,0.75
accuracy,test,219,0.81
precision,val,22,0.7
recall,val,22,0.86
auc_roc,test,22,0.81
log_loss,val,220,0.73
f1,train,220,0.85
auc_roc,train,220,0.75
accuracy,train,221,0.84
recall,train,221,0.73
f1,train,221,0.77
log_loss,train,222,0.21
accuracy,train,222,0.87
auc_roc,val,222,0.98
precision,test,223,0.64
log_loss,train,223,0.99
accuracy,test,223,0.93
recall,train,224,0.61
accuracy,train,224,0.8
f1,val,224,0.83
recall,train,225,0.7
log_loss,train,225,0.13
precision,val,225,0.88
accuracy,test,226,0.88
precision,train,226,0.95
recall,train,227,0.64
accuracy,val,227,0.81
recall,train,228,0.6
accuracy,test,228,0.91
precision,test,228,0.8
f1,test,229,0.71
auc_roc,train,229,0.69
precision,test,229,0.6
precision,train,23,0.64
auc_roc,test,23,0.83
f1,train,23,0.86
precision,train,230,0.78
auc_roc,train,230,0.8
accuracy,train,231,0.92
log_loss,train,231,1.38
log_loss,val,232,0.56
recall,val,232,0.85
recall,train,232,0.61
precision,train,233,0.74
f1,val,233,0.64
precision,test,234,0.63
recall,train,234,0.76
accuracy,val,234,0.98
accuracy,train,235,0.98
f1,train,235,0.87
accuracy,test,235,0.88
auc_roc,test,236,0.78
accuracy,val,236,0.84
f1,val,236,0.77
precision,val,237,0.9
f1,train,237,0.89
auc_roc,train,237,0.86
accuracy,train,238,0.87
log_loss,val,238,0.34
auc_roc,train,238,0.81
f1,train,239,0.77
recall,train,239,0.94
recall,test,24,0.69
recall,val,24,0.95
auc_roc,val,24,0.84
auc_roc,train,240,0.8
auc_roc,test,240,0.59
recall,train,240,0.72
f1,train,241,0.78
recall,train,241,0.79
log_loss,val,242,1.48
recall,val,242,0.8
f1,train,243,0.65
recall,train,243,0.63
auc_roc,train,243,0.95
recall,test,244,0.88
f1,test,244,0.78
accuracy,val,244,0.91
log_loss,train,245,0.91
f1,val,245,0.62
f1,test,245,0.95
log_loss,train,246,1.47
accuracy,val,246,0.93
recall,train,246,0.79
accuracy,val,247,0.8
auc_roc,train,247,0.54
recall,test,247,0.79
auc_roc,train,248,0.55
log_loss,val,248,0.32
auc_roc,test,248,0.56
log_loss,train,249,0.3
auc_roc,train,249,0.6
accuracy,val,249,0.95
log_loss,val,25,1.31
recall,val,25,0.66
precision,train,250,0.73
log_loss,val,250,1.3
f1,train,250,0.86
auc_roc,val,251,0.51
precision,val,251,0.63
f1,train,251,0.72
accuracy,test,252,0.8
log_loss,val,252,1.36
log_loss,train,253,0.74
f1,val,253,0.61
auc_roc,train,253,0.85
auc_roc,val,254,0.62
recall,test,254,0.94
precision,test,255,0.63
log_loss,train,255,0.84
log_loss,val,255,0.07
precision,test,256,0.82
recall,test,256,0.81
accuracy,test,256,0.9
accuracy,test,257,0.88
log_loss,test,257,0.64
precision,val,257,0.7
accuracy,train,258,0.96
log_loss,train,258,0.85
precision,train,258,0.76
log_loss,test,259,0.79
log_loss,val,259,1.35
precision,train,259,0.82
log_loss,train,26,0.99
precision,val,26,0.88
accuracy,test,26,0.94
auc_roc,train,260,0.88
log_loss,train,260,0.97
recall,train,260,0.92
precision,train,261,0.62
precision,test,261,0.73
log_loss,train,261,0.1
recall,train,262,0.86
log_loss,val,262,0.77
f1,train,262,0.88
precision,test,263,0.74
accuracy,test,263,0.81
recall,train,264,0.86
accuracy,val,264,0.94
precision,train,265,0.61
auc_roc,test,265,0.54
log_loss,test,265,0.73
accuracy,test,266,0.8
log_loss,val,266,0.9
precision,test,266,0.97
log_loss,val,267,0.8
recall,train,267,0.76
recall,test,267,0.93
recall,test,268,0.65
recall,val,268,0.97
recall,train,268,0.98
f1,val,269,0.8
auc_roc,train,269,0.64
recall,val,269,0.92
accuracy,val,27,0.89
recall,test,27,0.94
precision,train,27,0.63
accuracy,test,270,0.86
f1,train,270,0.74
precision,test,270,0.85
f1,train,271,0.68
accuracy,train,271,0.87
log_loss,train,271,0.36
recall,val,272,0.67
log_loss,train,272,1.13
recall,test,272,0.75
log_loss,test,273,0.95
f1,test,273,0.95
auc_roc,train,273,0.93
recall,test,274,0.98
precision,val,274,0.88
accuracy,val,274,0.85
auc_roc,train,275,0.95
f1,val,275,0.69
accuracy,test,275,0.93
precision,val,276,0.66
f1,train,276,0.75
recall,train,276,0.89
precision,val,277,0.95
log_loss,val,277,1.41
auc_roc,val,277,0.54
f1,val,278,0.61
log_loss,train,278,0.24
recall,val,278,0.98
accuracy,test,279,0.87
log_loss,test,279,0.12
recall,train,279,0.84
log_loss,train,28,0.61
auc_roc,train,28,0.9
recall,val,28,0.84
recall,val,280,0.97
precision,val,281,0.93
accuracy,test,281,0.89
log_loss,train,281,1.15
auc_roc,train,282,0.72
accuracy,val,282,0.9
precision,test,282,0.74
log_loss,test,283,0.85
precision,train,283,0.77
recall,test,283,0.65
auc_roc,test,284,0.52
accuracy,val,284,0.81
recall,train,284,0.8
accuracy,val,285,0.93
recall,train,285,0.68
auc_roc,val,286,0.7
recall,test,286,0.8
accuracy,test,286,0.89
auc_roc,train,287,0.61
auc_roc,test,287,0.88
f1,val,288,0.85
recall,val,288,0.88
f1,test,288,0.74
recall,train,289,0.81
log_loss,test,289,0.21
auc_roc,train,289,0.58
accuracy,val,29,0.8
auc_roc,test,29,0.51
f1,test,29,0.76
log_loss,test,290,0.98
f1,train,290,0.69
log_loss,train,290,1.12
auc_roc,val,291,0.85
log_loss,test,291,1.18
precision,val,291,0.73
accuracy,val,292,0.93
log_loss,train,292,1.37
recall,val,292,0.84
f1,train,293,0.76
auc_roc,train,293,0.79
accuracy,train,293,0.96
accuracy,val,294,0.99
auc_roc,val,294,0.86
log_loss,test,294,1.49
f1,train,295,0.64
auc_roc,val,295,0.65
log_loss,train,295,0.34
precision,train,296,0.78
auc_roc,train,296,0.77
accuracy,test,297,0.86
precision,test,297,0.61
accuracy,train,297,0.87
auc_roc,train,298,0.71
f1,train,298,0.7
precision,train,299,0.75
f1,train,299,0.76
accuracy,train,299,0.89
log_loss,test,3,1.37
precision,val,3,0.79
log_loss,val,3,0.27
recall,train,30,0.98
recall,val,30,0.8
log_loss,val,30,0.76
auc_roc,test,300,0.79
recall,train,300,0.65
precision,train,300,0.66
recall,train,301,0.74
auc_roc,train,301,0.7
f1,train,302,0.69
accuracy,train,302,0.89
f1,val,302,0.74
f1,train,303,0.92
f1,val,303,0.93
auc_roc,test,303,0.73
log_loss,train,304,0.33
precision,val,304,0.87
f1,train,304,0.75
recall,train,305,0.9
log_loss,test,305,0.93
f1,test,306,0.61
auc_roc,val,306,0.7
log_loss,val,307,0.57
recall,train,307,0.78
f1,val,307,0.63
precision,train,308,0.88
accuracy,test,308,0.95
recall,train,308,0.83
f1,val,309,0.81
precision,test,309,0.72
auc_roc,val,309,0.57
auc_roc,train,31,0.82
f1,test,31,0.9
auc_roc,train,310,0.89
log_loss,test,310,0.85
precision,test,310,0.62
recall,test,311,0.95
auc_roc,val,311,0.87
recall,train,311,0.73
log_loss,train,312,0.56
log_loss,val,312,0.62
precision,train,312,0.68
auc_roc,val,313,0.91
recall,train,313,0.91
recall,test,313,0.92
precision,val,314,0.85
accuracy,val,314,0.81
log_loss,val,314,0.98
f1,val,315,0.98
auc_roc,test,315,0.61
auc_roc,train,315,0.89
recall,train,316,0.77
accuracy,test,316,0.98
auc_roc,val,317,0.83
log_loss,val,317,1.42
f1,test,317,0.91
f1,train,318,0.77
accuracy,test,318,0.91
auc_roc,val,318,0.69
accuracy,train,319,0.86
recall,test,319,0.78
auc_roc,train,319,0.98
auc_roc,train,32,0.71
accuracy,test,32,0.84
log_loss,val,32,0.73
log_loss,train,320,0.47
auc_roc,val,320,0.81
f1,train,320,0.71
accuracy,test,321,0.97
precision,train,321,0.64
auc_roc,test,321,0.79
log_loss,train,322,0.06
auc_roc,train,322,0.82
auc_roc,val,322,0.82
auc_roc,test,323,0.86
f1,train,323,0.75
accuracy,val,323,0.8
precision,val,324,0.66
auc_roc,train,324,0.95
recall,train,325,0.76
auc_roc,train,325,0.82
f1,val,326,0.7
auc_roc,test,326,0.76
precision,train,326,0.8
f1,val,327,0.77
log_loss,train,327,0.07
log_loss,test,327,0.28
log_loss,train,328,0.69
precision,val,328,0.79
auc_roc,test,328,0.72
f1,test,329,0.77
precision,train,329,0.88
auc_roc,test,329,0.57
recall,train,33,0.81
precision,val,33,0.94
precision,test,33,0.6
log_loss,train,330,0.41
accuracy,train,330,0.98
f1,train,331,0.68
accuracy,train,331,0.83
precision,val,331,0.95
f1,test,332,0.82
auc_roc,train,332,0.91
auc_roc,train,333,0.6
log_loss,test,333,0.51
auc_roc,test,333,0.6
recall,train,334,0.71
auc_roc,train,334,0.93
recall,test,334,0.79
accuracy,train,335,0.94
accuracy,val,335,0.86
f1,train,335,0.93
log_loss,test,336,0.37
accuracy,train,336,0.98
f1,train,336,0.95
recall,train,337,0.92
log_loss,val,337,0.6
accuracy,train,337,0.8
f1,test,338,0.89
recall,val,338,0.91
recall,test,338,0.82
f1,test,339,0.78
auc_roc,train,339,0.81
precision,train,34,0.87
accuracy,train,34,0.93
recall,train,34,0.89
f1,test,340,0.96
recall,train,340,0.92
auc_roc,train,340,0.77
auc_roc,train,341,0.91
precision,test,341,0.75
f1,test,341,0.63
precision,val,342,0.97
f1,train,342,0.65
auc_roc,train,342,0.72
f1,test,343,0.67
f1,train,343,0.89
auc_roc,val,343,0.71
auc_roc,train,344,0.66
f1,train,344,0.97
f1,test,344,0.87
precision,train,345,0.91
log_loss,train,345,0.29
recall,val,345,0.77
precision,train,346,0.83
f1,train,346,0.98
recall,test,346,0.65
f1,test,347,0.66
accuracy,train,347,0.95
auc_roc,test,347,0.51
precision,train,348,0.63
f1,train,348,0.67
accuracy,train,348,0.82
accuracy,test,349,0.84
precision,val,349,0.91
recall,test,349,0.83
recall,train,35,0.87
precision,test,35,0.8
precision,train,35,0.94
precision,train,350,0.7
f1,train,350,0.7
recall,train,351,0.7
accuracy,train,351,0.97
auc_roc,test,352,0.87
recall,val,352,0.88
accuracy,train,352,0.83
precision,train,353,0.6
log_loss,train,353,0.71
log_loss,test,354,1.18
precision,train,354,0.78
f1,test,354,0.67
recall,train,355,0.66
log_loss,train,355,1.25
f1,train,355,0.74
precision,train,356,0.78
accuracy,train,356,0.94
auc_roc,train,356,0.76
recall,train,357,0.61
auc_roc,train,357,0.81
log_loss,test,357,0.47
precision,test,358,0.7
precision,train,358,0.89
recall,train,358,0.73
f1,train,359,0.7
auc_roc,train,359,0.81
log_loss,test,359,0.48
recall,train,36,0.96
log_loss,val,36,0.93
precision,test,360,0.91
recall,test,360,0.82
f1,test,360,0.69
auc_roc,val,361,0.63
log_loss,train,361,0.75
log_loss,val,361,0.44
accuracy,test,362,0.87
recall,train,362,0.75
accuracy,train,362,0.9
f1,train,363,0.92
auc_roc,train,363,0.77
recall,val,363,0.73
recall,test,364,0.82
f1,train,364,0.78
recall,val,364,0.66
log_loss,test,365,0.09
recall,test,365,0.76
log_loss,train,365,0.13
recall,val,366,0.79
log_loss,val,366,1.02
auc_roc,train,366,0.63
log_loss,train,367,0.44
f1,train,367,0.71
precision,train,368,0.73
recall,train,368,0.89
auc_roc,train,368,0.55
precision,test,369,0.76
auc_roc,train,369,0.98
log_loss,train,369,0.47
recall,val,37,0.72
precision,train,37,0.97
f1,train,370,0.74
f1,val,370,0.96
precision,train,370,0.66
auc_roc,val,371,0.53
log_loss,test,371,0.36
log_loss,train,371,0.27
auc_roc,train,372,0.66
log_loss,val,373,0.26
f1,val,373,0.89
accuracy,test,373,0.95
log_loss,train,374,0.24
f1,val,374,0.81
recall,train,375,0.92
precision,train,375,0.95
accuracy,test,375,0.81
f1,val,376,0.83
precision,val,376,0.68
accuracy,train,376,0.91
recall,val,377,0.75
f1,val,377,0.9
f1,train,377,0.93
auc_roc,train,378,0.63
precision,train,378,0.88
f1,train,378,0.82
precision,train,379,0.8
precision,test,379,0.97
recall,test,379,0.85
f1,test,38,0.6
f1,train,38,0.72
auc_roc,val,38,0.59
precision,val,380,0.85
f1,train,380,0.67
log_loss,test,380,1.27
accuracy,test,381,0.83
f1,val,381,0.98
log_loss,train,381,0.1
accuracy,val,382,0.85
auc_roc,train,382,0.72
auc_roc,test,383,0.56
precision,val,383,0.86
accuracy,val,383,0.86
accuracy,train,384,0.94
accuracy,val,384,0.87
log_loss,val,384,0.86
f1,test,385,0.98
log_loss,train,385,0.57
precision,val,385,0.66
precision,train,386,0.62
recall,train,386,0.82
accuracy,val,386,0.92
precision,train,387,0.9
auc_roc,val,387,0.62
log_loss,train,387,0.14
precision,val,388,0.79
accuracy,val,388,0.94
log_loss,train,388,0.83
recall,test,389,0.81
accuracy,train,389,0.85
recall,train,389,0.94
f1,test,39,0.81
accuracy,train,39,0.8
recall,train,39,0.86
log_loss,test,390,0.08
auc_roc,train,390,0.64
log_loss,train,390,1.3
recall,test,391,0.77
precision,train,391,0.63
log_loss,val,391,1.01
f1,train,392,0.93
accuracy,train,392,0.94
auc_roc,train,392,0.91
precision,test,393,0.63
log_loss,train,393,0.14
log_loss,train,394,0.68
recall,test,394,0.6
recall,val,394,0.82
f1,test,395,0.6
precision,train,395,0.91
log_loss,train,395,1.26
auc_roc,train,396,0.77
precision,train,396,0.92
auc_roc,train,397,0.94
precision,train,397,0.79
f1,test,397,0.84
log_loss,train,398,0.16
recall,val,398,0.71
auc_roc,val,398,0.59
accuracy,train,399,0.95
auc_roc,test,399,0.93
recall,train,399,0.83
auc_roc,train,4,0.92
accuracy,train,4,0.92
f1,test,4,0.8
log_loss,test,40,0.59
auc_roc,test,40,0.53
log_loss,val,40,0.14
auc_roc,val,400,0.93
recall,train,400,0.8
auc_roc,train,401,0.5
f1,test,401,0.6
precision,val,402,0.63
accuracy,train,402,0.93
recall,val,402,0.77
accuracy,train,403,0.98
f1,train,403,0.8
f1,val,403,0.76
recall,train,404,0.67
f1,test,404,0.93
log_loss,train,404,1.01
recall,test,405,0.75
precision,test,405,0.98
recall,val,405,0.64
auc_roc,train,406,0.79
precision,test,406,0.74
f1,val,406,0.76
accuracy,train,407,0.89
f1,train,407,0.74
recall,val,407,0.96
f1,val,408,0.64
precision,test,408,0.88
auc_roc,test,408,0.72
auc_roc,val,409,0.63
auc_roc,train,409,0.94
f1,train,409,0.8
f1,val,41,0.77
recall,train,41,0.81
accuracy,test,41,0.83
auc_roc,train,410,0.78
log_loss,test,410,0.83
auc_roc,train,411,0.62
log_loss,train,411,0.86
f1,test,411,0.94
accuracy,test,412,0.8
precision,train,412,0.83
f1,train,412,0.83
recall,test,413,0.74
accuracy,val,413,0.95
accuracy,test,413,0.81
f1,val,414,0.98
recall,train,414,0.64
accuracy,val,414,0.99
auc_roc,train,415,0.83
auc_roc,test,415,0.95
recall,train,416,0.66
recall,test,416,0.88
log_loss,test,416,0.64
precision,val,417,0.9
recall,val,417,0.74
f1,train,417,0.65
log_loss,test,418,1.12
precision,val,418,0.97
log_loss,train,418,0.64
auc_roc,train,419,0.81
f1,train,419,0.69
f1,test,419,0.86
log_loss,val,42,0.23
recall,train,42,0.8
accuracy,test,42,0.98
auc_roc,train,420,0.55
auc_roc,test,420,0.54
recall,train,421,0.97
accuracy,train,421,0.83
precision,val,422,0.96
f1,val,422,0.72
accuracy,train,423,0.81
recall,test,423,0.87
recall,val,423,0.69
auc_roc,val,424,0.89
f1,val,424,0.9
auc_roc,train,424,0.7
accuracy,train,425,0.8
f1,test,425,0.66
recall,val,425,0.94
log_loss,train,426,1.11
auc_roc,train,427,0.82
precision,train,427,0.77
log_loss,val,427,0.08
auc_roc,train,428,0.8
accuracy,val,428,0.82
auc_roc,val,428,0.74
f1,val,429,0.66
f1,train,429,0.86
f1,train,43,0.67
auc_roc,train,43,0.62
log_loss,train,430,0.13
auc_roc,test,430,0.96
auc_roc,train,431,0.88
f1,train,431,0.61
accuracy,test,431,0.96
log_loss,val,432,0.5
accuracy,val,432,0.95
recall,test,432,0.7
recall,train,433,0.61
precision,val,433,0.96
log_loss,train,434,1.32
recall,train,434,0.75
log_loss,val,434,1.47
recall,train,435,0.6
log_loss,train,435,0.84
precision,train,435,0.92
recall,test,436,0.83
f1,test,436,0.73
log_loss,test,436,0.39
log_loss,val,437,0.51
log_loss,test,437,1.24
recall,train,437,0.84
f1,train,438,0.78
auc_roc,train,438,0.72
recall,val,438,0.75
auc_roc,test,439,0.68
recall,test,439,0.78
log_loss,train,439,1.13
f1,test,44,0.65
precision,test,44,0.7
auc_roc,train,44,0.66
accuracy,val,440,0.88
accuracy,train,440,0.81
recall,test,440,0.81
recall,val,441,0.6
log_loss,train,441,0.83
accuracy,test,441,0.91
auc_roc,val,442,0.86
f1,train,442,0.7
recall,train,442,0.92
recall,train,443,0.72
log_loss,train,443,1.33
auc_roc,train,443,0.94
log_loss,train,444,0.43
log_loss,val,444,0.24
f1,val,444,0.68
log_loss,train,445,1.34
auc_roc,test,445,0.85
f1,test,445,0.79
auc_roc,train,446,0.8
accuracy,train,446,0.86
precision,val,446,0.73
precision,test,447,0.92
auc_roc,val,447,0.96
f1,val,447,0.72
f1,test,448,0.95
accuracy,test,448,0.84
auc_roc,train,448,0.73
f1,train,449,0.72
recall,train,449,0.92
auc_roc,train,449,0.78
auc_roc,val,45,0.53
f1,train,45,0.92
recall,train,45,0.69
precision,train,450,0.83
log_loss,test,450,0.55
precision,test,450,0.8
recall,test,451,0.97
auc_roc,test,451,0.8
accuracy,test,451,0.99
recall,train,452,0.96
f1,train,452,0.92
recall,train,453,0.98
recall,val,453,0.94
auc_roc,val,453,0.57
recall,test,454,0.87
accuracy,train,454,0.85
log_loss,train,454,0.92
precision,val,455,0.75
log_loss,test,455,1.46
accuracy,train,455,0.88
accuracy,train,456,0.83
recall,train,456,0.91
log_loss,test,456,0.1
precision,test,457,0.94
accuracy,train,457,0.83
precision,val,457,0.87
log_loss,val,458,1.2
accuracy,train,458,0.83
recall,test,458,0.87
f1,val,459,0.78
log_loss,val,459,0.51
accuracy,test,459,0.9
auc_roc,train,46,0.93
precision,test,46,0.88
accuracy,train,46,0.91
log_loss,val,460,1.3
f1,train,460,0.91
precision,test,460,0.93
auc_roc,test,461,0.57
accuracy,train,461,0.8
f1,train,461,0.9
accuracy,train,462,0.9
auc_roc,val,462,0.86
precision,test,462,0.75
precision,val,463,0.96
accuracy,val,463,0.95
accuracy,train,463,0.98
f1,train,464,0.79
accuracy,train,464,0.91
recall,test,464,0.62
log_loss,train,465,0.69
recall,train,465,0.81
accuracy,train,465,0.81
precision,train,466,0.84
log_loss,train,466,1.31
accuracy,train,466,0.99
precision,train,467,0.77
recall,test,467,0.61
precision,val,467,0.62
auc_roc,test,468,0.79
log_loss,test,468,0.51
recall,train,468,0.86
f1,test,469,0.65
log_loss,val,469,0.51
precision,train,469,0.88
precision,val,47,0.82
log_loss,train,47,0.78
f1,train,47,0.8
precision,train,470,0.6
f1,test,470,0.98
auc_roc,test,470,0.84
precision,train,471,0.62
recall,train,471,0.78
precision,val,471,0.7
log_loss,test,472,0.82
auc_roc,test,472,0.63
f1,test,472,0.62
auc_roc,val,473,0.8
f1,train,473,0.73
precision,train,474,0.73
recall,test,474,0.86
accuracy,test,474,0.81
precision,test,475,0.67
recall,train,475,0.85
auc_roc,train,475,0.82
log_loss,test,476,1.45
accuracy,train,476,0.92
f1,train,476,0.84
auc_roc,test,477,0.94
precision,train,477,0.73
log_loss,train,477,0.62
precision,train,478,0.75
recall,val,478,0.87
f1,test,478,0.72
f1,val,479,0.79
log_loss,val,479,1.32
auc_roc,train,479,0.69
auc_roc,train,48,0.56
f1,train,48,0.63
auc_roc,val,48,0.59
f1,train,480,0.94
recall,train,480,0.69
auc_roc,test,480,0.74
auc_roc,train,481,0.97
recall,val,481,0.79
recall,train,481,0.98
log_loss,train,482,0.34
f1,val,482,0.89
accuracy,train,482,0.88
accuracy,train,483,0.91
recall,train,483,0.8
f1,val,483,0.69
auc_roc,test,484,0.65
accuracy,test,484,0.87
accuracy,train,484,0.98
accuracy,train,485,0.99
auc_roc,train,485,0.66
f1,val,485,0.94
precision,test,486,0.84
auc_roc,train,486,0.77
log_loss,train,486,0.28
accuracy,train,487,0.85
precision,val,487,0.68
f1,train,488,0.82
precision,train,488,0.97
accuracy,test,488,0.87
accuracy,train,489,0.99
accuracy,val,489,0.85
accuracy,test,489,0.83
accuracy,train,49,0.82
f1,test,49,0.61
recall,val,490,0.69
log_loss,val,490,0.12
log_loss,train,491,0.05
log_loss,test,491,1.41
log_loss,val,491,0.61
log_loss,train,492,1.1
precision,train,492,0.72
recall,test,493,0.94
precision,train,493,0.66
auc_roc,train,494,0.84
precision,val,494,0.7
precision,train,494,0.87
precision,test,495,0.85
accuracy,train,495,0.88
log_loss,val,495,1.18
accuracy,test,496,0.88
log_loss,val,496,0.7
recall,test,496,0.79
log_loss,train,497,0.88
precision,train,497,0.89
auc_roc,train,497,0.76
accuracy,train,498,0.98
auc_roc,val,498,0.55
f1,train,498,0.79
log_loss,val,499,0.84
f1,train,499,0.68
auc_roc,test,499,0.61
f1,train,5,0.7
precision,train,5,0.94
f1,val,5,0.71
log_loss,train,50,0.44
f1,train,50,0.85
precision,val,50,0.82
accuracy,val,500,0.89
f1,val,500,0.61
recall,test,501,0.9
auc_roc,val,501,0.76
f1,train,501,0.82
recall,test,502,0.89
recall,train,502,0.91
auc_roc,train,503,0.89
log_loss,train,503,0.12
recall,train,503,0.6
precision,val,504,0.74
recall,val,504,0.74
accuracy,train,504,0.85
auc_roc,test,505,0.84
precision,train,505,0.98
recall,val,505,0.91
f1,val,506,0.82
precision,test,506,0.76
f1,train,506,0.95
recall,train,507,0.63
precision,val,507,0.78
accuracy,train,507,0.84
log_loss,train,508,0.21
f1,train,508,0.68
recall,val,508,0.79
auc_roc,val,509,0.51
accuracy,val,509,0.98
f1,train,509,0.96
precision,train,51,0.84
accuracy,test,51,0.96
f1,train,51,0.83
auc_roc,train,510,0.67
f1,test,510,0.95
precision,train,510,0.92
recall,train,511,0.6
log_loss,test,511,1.49
log_loss,train,511,0.54
precision,val,512,0.74
log_loss,val,512,0.95
log_loss,test,513,0.78
accuracy,test,513,0.86
auc_roc,test,513,0.66
precision,train,514,0.67
auc_roc,train,514,0.57
recall,test,514,0.77
accuracy,test,515,0.96
log_loss,test,515,1.03
f1,val,515,0.61
auc_roc,train,516,0.73
accuracy,test,516,0.81
log_loss,train,516,1.3
recall,val,517,0.73
auc_roc,val,517,0.71
recall,test,517,0.65
recall,train,518,0.77
f1,val,518,0.74
accuracy,val,519,0.93
accuracy,train,519,0.83
auc_roc,test,519,0.71
log_loss,test,52,0.44
recall,test,52,0.91
recall,train,52,0.7
accuracy,train,520,0.83
f1,val,520,0.76
log_loss,test,520,0.77
accuracy,train,521,0.9
accuracy,test,521,0.99
accuracy,train,522,0.85
accuracy,val,522,0.96
log_loss,test,522,0.42
recall,train,523,0.96
log_loss,train,523,0.12
log_loss,val,523,1.02
f1,test,524,0.64
accuracy,train,524,0.83
auc_roc,val,524,0.91
recall,train,525,0.84
f1,val,525,0.97
f1,test,525,0.63
auc_roc,val,526,0.57
f1,val,526,0.86
auc_roc,val,527,0.88
recall,train,527,0.85
auc_roc,train,527,0.94
accuracy,train,528,0.81
auc_roc,train,528,0.77
recall,test,528,0.62
f1,test,529,0.98
log_loss,train,529,0.8
log_loss,test,529,1.03
auc_roc,train,53,0.74
f1,test,53,0.74
recall,test,53,0.97
f1,test,530,0.76
f1,train,530,0.93
auc_roc,train,530,0.57
accuracy,train,531,0.92
log_loss,test,531,0.78
log_loss,train,531,1.41
precision,train,532,0.79
auc_roc,val,532,0.76
recall,train,532,0.67
accuracy,train,533,0.96
log_loss,test,533,1.31
accuracy,val,533,0.97
precision,train,534,0.93
accuracy,train,534,0.99
recall,train,534,0.69
log_loss,train,535,0.72
accuracy,train,535,0.85
accuracy,test,535,0.84
auc_roc,val,536,0.72
accuracy,train,536,0.84
auc_roc,test,536,0.77
accuracy,train,537,0.98
accuracy,val,537,0.86
f1,test,537,0.61
recall,val,538,0.71
auc_roc,test,538,0.81
log_loss,test,538,0.96
accuracy,test,539,0.9
f1,train,539,0.98
log_loss,val,539,1.19
f1,val,54,0.86
auc_roc,val,54,0.93
auc_roc,train,54,0.85
f1,val,540,0.62
recall,train,540,0.75
f1,val,541,0.88
precision,train,541,0.7
accuracy,train,541,0.89
precision,test,542,0.8
recall,val,542,0.72
log_loss,train,543,1.32
precision,train,543,0.63
accuracy,val,543,0.84
f1,train,544,0.88
recall,test,544,0.79
accuracy,train,544,0.91
accuracy,train,545,0.82
accuracy,val,545,0.93
precision,test,545,0.71
recall,train,546,0.81
f1,val,546,0.63
precision,train,546,0.82
f1,train,547,0.65
accuracy,train,547,0.92
auc_roc,train,548,0.56
recall,train,548,0.83
auc_roc,val,548,0.52
precision,train,549,0.97
accuracy,train,549,0.95
accuracy,val,55,0.88
log_loss,train,55,0.84
recall,train,55,0.85
accuracy,val,550,0.8
recall,test,550,0.95
f1,train,551,0.91
accuracy,val,551,0.91
accuracy,test,551,0.91
recall,train,552,0.75
accuracy,train,552,0.92
accuracy,val,552,0.9
accuracy,train,553,0.98
f1,test,553,0.7
f1,train,554,0.84
accuracy,test,554,0.95
log_loss,train,554,0.69
f1,val,555,0.98
recall,test,555,0.65
auc_roc,train,555,0.96
accuracy,train,556,0.95
recall,train,556,0.88
f1,train,556,0.72
recall,train,557,0.79
log_loss,val,557,0.83
recall,val,557,0.72
auc_roc,test,558,0.97
accuracy,train,558,0.92
recall,train,558,0.96
f1,train,559,0.87
auc_roc,train,559,0.97
precision,train,559,0.8
accuracy,test,56,0.85
f1,train,56,0.84
precision,train,56,0.89
auc_roc,test,560,0.81
log_loss,train,560,0.61
auc_roc,val,560,0.56
precision,val,561,0.68
accuracy,train,561,0.84
recall,train,561,0.78
recall,test,562,0.85
auc_roc,train,562,0.51
accuracy,train,562,0.93
f1,test,563,0.85
precision,train,563,0.75
precision,val,563,0.63
auc_roc,train,564,0.73
auc_roc,test,564,0.86
f1,train,564,0.9
recall,train,565,0.65
log_loss,val,565,0.68
recall,val,565,0.78
accuracy,train,566,0.85
accuracy,val,566,0.98
recall,train,566,0.62
auc_roc,train,567,0.76
precision,train,567,0.88
f1,train,567,0.98
log_loss,val,568,0.89
log_loss,train,568,1.29
auc_roc,test,568,0.57
recall,train,569,0.84
auc_roc,val,569,0.5
auc_roc,test,569,0.77
log_loss,train,57,1.18
f1,train,57,0.61
log_loss,test,57,1.42
log_loss,train,570,1.43
auc_roc,test,570,0.75
recall,test,570,0.7
log_loss,train,571,1.01
accuracy,test,571,0.83
recall,train,571,0.73
f1,val,572,0.66
recall,train,572,0.77
auc_roc,test,572,0.76
recall,train,573,0.91
precision,train,573,0.82
accuracy,train,574,0.87
precision,val,574,0.79
recall,test,574,0.78
precision,train,575,0.8
accuracy,val,575,0.88
precision,val,576,0.82
precision,train,576,0.73
accuracy,train,576,0.96
log_loss,train,577,1.35
auc_roc,train,577,0.9
f1,train,578,0.66
accuracy,val,578,0.81
recall,train,578,0.65
precision,test,579,0.94
auc_roc,test,579,0.59
accuracy,train,579,0.84
log_loss,val,58,1.45
auc_roc,train,58,0.63
log_loss,train,580,0.12
precision,train,580,0.93
accuracy,train,581,0.97
recall,val,581,0.64
auc_roc,test,581,0.54
recall,val,582,0.76
log_loss,train,582,1.22
accuracy,test,583,0.83
auc_roc,test,583,0.84
recall,test,583,0.91
auc_roc,test,584,0.88
f1,train,584,0.74
accuracy,test,584,0.99
recall,train,585,0.88
auc_roc,train,585,0.56
precision,val,586,0.75
accuracy,val,586,0.85
recall,test,586,0.67
auc_roc,train,587,0.78
precision,test,587,0.91
log_loss,val,587,0.78
recall,train,588,0.83
auc_roc,train,588,0.76
log_loss,test,589,0.9
accuracy,test,589,0.96
precision,test,589,0.94
precision,test,59,0.95
f1,val,59,0.62
auc_roc,val,59,0.75
f1,val,590,0.93
recall,val,590,0.84
auc_roc,val,590,0.54
recall,val,591,0.78
precision,test,591,0.74
precision,train,591,0.86
accuracy,train,592,0.85
precision,train,592,0.72
auc_roc,train,593,0.54
recall,train,593,0.93
f1,val,594,0.87
recall,test,594,0.72
log_loss,val,594,1.45
auc_roc,test,595,0.68
accuracy,train,595,0.94
auc_roc,train,595,0.56
precision,train,596,0.69
log_loss,train,596,0.91
auc_roc,test,596,0.56
precision,test,597,0.79
log_loss,train,597,1.09
recall,test,597,0.7
recall,val,598,0.77
recall,train,598,0.78
auc_roc,train,598,0.7
f1,train,599,0.93
auc_roc,test,599,0.51
log_loss,train,599,0.1
recall,val,6,0.73
accuracy,test,6,0.98
auc_roc,val,6,0.82
log_loss,val,60,1.07
recall,val,60,0.92
auc_roc,train,60,0.76
auc_roc,val,600,0.88
log_loss,train,600,0.38
f1,train,600,0.64
log_loss,val,601,0.76
f1,train,601,0.79
precision,train,601,0.95
log_loss,val,602,0.24
accuracy,train,602,0.81
recall,test,602,0.86
accuracy,train,603,0.97
f1,train,603,0.79
log_loss,test,603,0.49
log_loss,val,604,0.94
auc_roc,test,604,0.62
f1,test,604,0.78
auc_roc,train,605,0.67
f1,train,605,0.81
accuracy,train,605,0.87
log_loss,train,606,1.09
f1,train,606,0.92
precision,test,606,0.75
auc_roc,train,607,0.53
auc_roc,test,607,0.71
precision,train,607,0.94
f1,train,608,0.78
log_loss,val,608,0.92
precision,test,608,0.68
auc_roc,train,609,0.67
precision,val,609,0.81
recall,test,609,0.97
log_loss,test,61,1.41
log_loss,train,61,1.42
recall,test,61,0.69
log_loss,train,610,0.45
precision,val,610,0.7
log_loss,val,610,0.69
auc_roc,val,611,0.5
log_loss,train,611,0.67
log_loss,val,611,0.85
recall,test,612,0.98
recall,train,612,0.93
precision,train,612,0.81
accuracy,val,613,0.83
f1,val,613,0.87
accuracy,train,613,0.82
recall,test,614,0.79
recall,val,614,0.92
auc_roc,train,614,0.8
auc_roc,train,615,0.93
f1,val,615,0.71
accuracy,train,615,0.88
accuracy,test,616,0.91
auc_roc,test,616,0.75
f1,val,616,0.69
log_loss,train,617,0.44
precision,train,617,0.76
f1,train,617,0.61
auc_roc,train,618,0.94
recall,test,618,0.86
precision,val,618,0.73
log_loss,val,619,1.2
log_loss,test,619,1.22
accuracy,test,619,0.84
precision,train,62,0.66
recall,val,62,0.93
f1,train,620,0.87
recall,train,620,0.61
precision,train,621,0.8
log_loss,train,621,0.75
accuracy,test,621,0.85
accuracy,val,622,0.81
log_loss,test,622,1.14
auc_roc,train,622,0.87
accuracy,val,623,0.97
recall,train,623,0.69
accuracy,train,623,0.86
log_loss,train,624,0.95
f1,test,624,0.6
auc_roc,test,624,0.92
f1,val,625,0.77
auc_roc,train,625,0.74
auc_roc,test,625,0.6
log_loss,test,626,1.39
accuracy,train,626,0.94
auc_roc,test,626,0.81
log_loss,train,627,0.06
recall,train,627,0.61
precision,test,627,0.75
auc_roc,test,628,0.9
accuracy,train,628,0.96
f1,test,628,0.62
precision,val,629,0.65
auc_roc,train,629,0.91
log_loss,train,629,1.42
recall,test,63,0.82
auc_roc,train,63,0.96
precision,test,63,0.65
log_loss,val,630,0.76
accuracy,test,630,0.91
precision,train,630,0.69
recall,train,631,0.92
log_loss,test,631,1.4
auc_roc,val,631,0.74
auc_roc,test,632,0.81
precision,train,632,0.87
recall,train,632,0.88
recall,test,633,0.94
precision,train,633,0.78
recall,train,633,0.66
precision,train,634,0.86
f1,train,634,0.66
recall,val,634,0.8
accuracy,test,635,0.8
precision,train,635,0.89
log_loss,train,636,0.46
auc_roc,train,636,0.95
recall,test,636,0.86
log_loss,val,637,0.59
auc_roc,val,637,0.66
f1,val,637,0.91
auc_roc,train,638,0.95
precision,val,638,0.98
accuracy,train,639,0.83
accuracy,val,639,0.91
f1,train,64,0.98
auc_roc,train,64,0.67
f1,val,64,0.79
f1,val,640,0.98
precision,val,640,0.67
recall,train,640,0.96
log_loss,val,641,0.11
precision,val,641,0.76
auc_roc,val,641,0.79
precision,test,642,0.8
auc_roc,test,642,0.59
auc_roc,val,642,0.72
f1,train,643,0.71
precision,val,643,0.86
f1,test,643,0.82
f1,test,644,0.82
accuracy,val,644,0.9
f1,train,644,0.81
precision,val,645,0.78
auc_roc,val,645,0.83
log_loss,val,645,0.74
precision,val,646,0.71
f1,train,646,0.72
log_loss,train,646,1.16
precision,train,647,0.95
accuracy,train,647,0.81
auc_roc,train,647,0.51
auc_roc,train,648,0.78
auc_roc,val,648,0.56
recall,train,648,0.78
auc_roc,train,649,0.59
precision,test,649,0.67
recall,train,649,0.64
f1,train,65,0.7
recall,val,65,0.9
precision,test,650,0.86
f1,train,650,0.8
accuracy,train,650,0.91
auc_roc,test,651,0.53
recall,train,651,0.68
accuracy,test,651,0.91
log_loss,val,652,1.41
precision,val,652,0.65
f1,train,652,0.67
precision,train,653,0.9
accuracy,train,653,0.98
recall,test,653,0.63
log_loss,train,654,0.73
f1,train,654,0.98
auc_roc,train,655,0.87
accuracy,test,655,0.88
log_loss,train,655,0.09
auc_roc,train,656,0.91
recall,test,656,0.76
f1,test,657,0.88
f1,val,657,0.67
log_loss,train,657,1.06
precision,train,658,0.98
f1,val,658,0.78
auc_roc,train,658,0.63
f1,val,659,0.82
log_loss,val,659,0.66
log_loss,test,659,1.01
recall,test,66,0.6
recall,val,66,0.67
precision,val,66,0.82
precision,test,660,0.82
f1,train,660,0.61
auc_roc,train,660,0.73
auc_roc,val,661,0.82
recall,val,661,0.89
auc_roc,train,661,0.72
log_loss,test,662,0.07
recall,train,662,0.7
auc_roc,train,662,0.98
accuracy,train,663,0.84
log_loss,val,663,0.78
auc_roc,train,664,0.56
precision,val,664,0.64
precision,train,664,0.65
recall,train,665,0.94
log_loss,train,665,0.35
f1,test,665,0.62
recall,train,666,0.62
auc_roc,train,666,0.55
log_loss,train,666,0.28
auc_roc,val,667,0.78
recall,test,667,0.95
f1,train,667,0.77
precision,val,668,0.93
auc_roc,train,668,0.95
precision,train,668,0.87
recall,train,669,0.85
log_loss,test,669,0.35
auc_roc,train,669,0.72
precision,val,67,0.68
log_loss,train,67,1.25
accuracy,train,67,0.99
log_loss,train,670,0.36
f1,train,670,0.76
recall,train,670,0.6
precision,val,671,0.96
auc_roc,val,671,0.56
log_loss,val,671,1.06
recall,test,672,0.77
f1,train,672,0.93
accuracy,train,673,0.93
f1,train,673,0.79
log_loss,val,673,1.04
auc_roc,train,674,0.73
precision,val,674,0.78
accuracy,train,674,0.87
f1,val,675,0.97
auc_roc,val,675,0.58
auc_roc,train,675,0.63
f1,test,676,0.83
recall,train,676,0.67
precision,train,677,0.7
precision,test,677,0.96
auc_roc,train,677,0.8
f1,train,678,0.68
precision,test,678,0.91
precision,train,679,0.65
accuracy,test,679,0.97
log_loss,train,679,0.45
log_loss,val,68,0.29
accuracy,train,68,0.81
accuracy,test,68,0.86
recall,train,680,0.81
precision,test,680,0.75
accuracy,train,680,0.92
precision,train,681,0.86
recall,train,681,0.88
accuracy,train,682,0.86
f1,val,682,0.6
accuracy,train,683,0.88
log_loss,train,683,1.24
log_loss,val,683,0.32
recall,train,684,0.62
precision,test,684,0.76
f1,train,684,0.87
log_loss,val,685,0.33
accuracy,test,685,0.84
auc_roc,train,685,0.9
f1,val,686,0.66
recall,val,686,0.76
auc_roc,train,686,0.78
recall,test,687,0.93
log_loss,test,687,0.12
auc_roc,val,687,0.67
log_loss,test,688,0.15
f1,test,688,0.71
f1,train,688,0.84
log_loss,train,689,0.63
accuracy,test,689,0.8
f1,train,69,0.87
log_loss,train,69,1.23
precision,train,69,0.95
log_loss,train,690,0.86
f1,val,690,0.61
log_loss,test,690,0.34
precision,train,691,0.86
log_loss,train,691,0.95
accuracy,train,691,0.91
accuracy,val,692,0.81
auc_roc,test,692,0.86
f1,val,692,0.92
accuracy,train,693,0.94
precision,train,693,0.76
auc_roc,train,694,0.75
recall,test,694,0.6
auc_roc,test,694,0.97
auc_roc,test,695,0.5
f1,test,695,0.76
log_loss,val,695,0.84
recall,test,696,0.78
f1,test,696,0.71
auc_roc,test,696,0.58
f1,test,697,0.94
accuracy,train,697,0.97
recall,train,697,0.94
precision,val,698,0.71
f1,test,698,0.84
log_loss,train,698,0.67
precision,val,699,0.75
recall,train,699,0.86
precision,test,699,0.63
accuracy,train,7,0.98
recall,val,7,0.85
auc_roc,train,7,0.69
auc_roc,train,70,0.94
log_loss,train,70,1.49
accuracy,train,70,0.96
log_loss,val,700,1.16
log_loss,train,700,1.23
auc_roc,val,700,0.93
recall,train,701,0.95
f1,train,701,0.73
log_loss,train,701,0.4
accuracy,test,702,0.97
log_loss,train,702,0.67
f1,train,703,0.78
log_loss,train,703,0.98
auc_roc,test,703,0.57
accuracy,test,704,0.93
precision,test,704,0.73
precision,train,704,0.73
accuracy,train,705,0.86
recall,train,705,0.64
log_loss,train,705,1.23
recall,train,706,0.72
f1,train,706,0.94
f1,test,707,0.79
log_loss,test,707,0.89
precision,train,707,0.96
log_loss,test,708,0.31
precision,train,708,0.82
accuracy,train,708,0.97
recall,val,709,0.62
recall,train,709,0.92
accuracy,train,709,0.88
precision,train,71,0.89
auc_roc,test,71,0.52
f1,train,71,0.95
log_loss,train,710,0.83
recall,val,710,0.91
recall,train,710,0.73
f1,val,711,0.6
f1,test,711,0.69
auc_roc,train,711,0.84
f1,train,712,0.61
precision,train,712,0.95
auc_roc,train,712,0.75
f1,train,713,0.88
accuracy,train,713,0.82
recall,train,713,0.6
accuracy,train,714,0.81
precision,val,714,0.95
f1,test,714,0.82
f1,train,715,0.87
precision,val,715,0.96
accuracy,test,715,0.88
f1,val,716,0.85
f1,train,716,0.88
precision,test,716,0.93
accuracy,val,717,0.83
auc_roc,train,717,0.73
auc_roc,test,717,0.8
accuracy,test,718,0.95
recall,test,718,0.79
auc_roc,train,718,0.74
auc_roc,train,719,0.91
accuracy,train,719,0.9
recall,train,719,0.94
log_loss,train,72,0.94
auc_roc,val,72,0.56
auc_roc,test,72,0.72
auc_roc,train,720,0.5
accuracy,train,720,0.93
log_loss,test,720,0.98
accuracy,test,721,0.85
recall,train,721,0.89
auc_roc,test,721,0.55
auc_roc,test,722,0.73
f1,train,722,0.65
precision,test,722,0.64
recall,train,723,0.85
f1,test,723,0.69
recall,test,723,0.73
recall,train,724,0.61
auc_roc,train,724,0.54
f1,val,724,0.63
auc_roc,val,725,0.95
f1,val,725,0.75
precision,train,725,0.98
auc_roc,train,726,0.72
precision,train,726,0.98
log_loss,test,726,0.37
precision,train,727,0.64
f1,val,727,0.93
log_loss,train,727,0.5
accuracy,train,728,0.92
recall,test,728,0.68
log_loss,train,728,1.19
accuracy,train,729,0.98
recall,train,729,0.95
precision,train,729,0.84
precision,test,73,0.66
log_loss,test,73,1.31
auc_roc,train,73,0.8
log_loss,train,730,0.56
f1,train,730,0.66
recall,test,731,0.75
f1,train,731,0.82
accuracy,val,731,0.91
log_loss,train,732,1.06
accuracy,val,732,0.85
auc_roc,train,732,0.78
accuracy,test,733,0.94
precision,test,733,0.83
auc_roc,train,733,0.52
auc_roc,val,734,0.65
f1,test,734,0.97
f1,train,734,0.84
auc_roc,train,735,0.87
log_loss,val,735,1.27
precision,train,736,0.85
recall,train,736,0.71
accuracy,test,736,0.87
accuracy,train,737,0.97
log_loss,val,737,0.5
precision,test,737,0.89
log_loss,train,738,1.18
f1,train,738,0.83
auc_roc,test,738,0.89
f1,val,739,0.87
accuracy,val,739,0.89
recall,test,739,0.8
log_loss,test,74,0.98
f1,train,74,0.6
accuracy,train,74,0.95
f1,train,740,0.71
precision,test,740,0.62
f1,test,740,0.94
accuracy,train,741,0.93
auc_roc,val,741,0.54
precision,train,741,0.81
auc_roc,test,742,0.78
auc_roc,val,742,0.77
recall,test,742,0.93
log_loss,val,743,0.77
f1,val,743,0.61
accuracy,train,743,0.95
accuracy,test,744,0.82
f1,train,744,0.9
precision,train,744,0.97
precision,train,745,0.61
auc_roc,val,745,0.58
recall,train,746,0.65
log_loss,test,746,0.94
accuracy,train,746,0.91
recall,test,747,0.93
recall,val,747,0.89
accuracy,train,747,0.85
auc_roc,train,748,0.9
precision,test,748,0.96
log_loss,val,748,0.79
recall,test,749,0.78
log_loss,train,749,0.76
f1,train,749,0.62
precision,test,75,0.94
f1,test,75,0.69
recall,val,750,0.73
recall,test,750,0.86
log_loss,train,750,1.41
recall,train,751,0.92
f1,test,751,0.65
log_loss,train,751,0.82
recall,train,752,0.78
accuracy,train,752,0.97
log_loss,train,752,1.23
recall,train,753,0.61
auc_roc,train,753,0.95
precision,test,753,0.71
auc_roc,train,754,0.73
accuracy,val,754,0.88
precision,test,754,0.68
auc_roc,train,755,0.98
auc_roc,val,755,0.51
precision,train,755,0.65
log_loss,train,756,1.27
precision,test,756,0.79
log_loss,val,757,0.57
accuracy,val,757,0.8
accuracy,train,757,0.85
log_loss,test,758,1.13
auc_roc,train,758,0.62
accuracy,val,758,0.94
log_loss,test,759,0.5
recall,val,759,0.69
log_loss,val,759,0.73
f1,train,76,0.83
precision,train,76,0.93
recall,train,76,0.77
log_loss,train,760,1.38
recall,train,760,0.86
f1,train,761,0.85
recall,train,761,0.75
f1,val,762,0.62
log_loss,train,762,0.4
auc_roc,train,762,0.51
log_loss,train,763,0.19
precision,train,763,0.83
recall,train,763,0.95
accuracy,train,764,0.98
recall,train,764,0.75
precision,train,764,0.79
accuracy,val,765,0.94
recall,test,765,0.9
f1,val,765,0.72
auc_roc,val,766,0.74
f1,train,766,0.73
accuracy,test,766,0.88
accuracy,test,767,0.95
accuracy,train,767,0.82
precision,test,767,0.94
auc_roc,test,768,0.81
log_loss,test,768,0.22
log_loss,val,769,0.13
log_loss,test,769,0.55
accuracy,test,769,0.97
recall,val,77,0.89
accuracy,train,77,0.92
auc_roc,train,77,0.8
accuracy,train,770,0.99
auc_roc,train,770,0.81
log_loss,train,770,0.79
auc_roc,train,771,0.72
accuracy,train,771,0.84
log_loss,test,771,0.11
auc_roc,test,772,0.92
recall,train,772,0.67
f1,train,772,0.73
auc_roc,val,773,0.51
accuracy,train,773,0.93
precision,train,774,0.72
recall,train,774,0.64
auc_roc,test,774,0.81
precision,train,775,0.97
recall,train,775,0.71
log_loss,test,775,0.95
f1,train,776,0.92
recall,train,776,0.84
accuracy,val,777,0.95
f1,test,777,0.62
auc_roc,train,777,0.96
f1,test,778,0.74
log_loss,test,778,1.23
accuracy,train,778,0.84
auc_roc,test,779,0.73
f1,val,779,0.78
precision,train,779,0.86
f1,val,78,0.93
accuracy,train,78,0.94
recall,val,78,0.81
recall,train,780,0.78
log_loss,train,780,1.1
auc_roc,val,780,0.93
recall,test,781,0.9
f1,test,781,0.67
f1,val,781,0.71
precision,train,782,0.88
recall,val,782,0.9
recall,test,782,0.62
auc_roc,train,783,0.59
recall,test,783,0.69
f1,val,783,0.63
auc_roc,test,784,0.63
recall,train,784,0.98
log_loss,train,784,0.46
log_loss,val,785,0.73
precision,test,785,0.93
f1,train,785,0.96
f1,train,786,0.72
auc_roc,test,786,0.69
f1,val,786,0.79
recall,val,787,0.87
auc_roc,train,787,0.66
recall,train,787,0.75
precision,train,788,0.93
f1,val,788,0.72
f1,train,788,0.73
precision,val,789,0.7
accuracy,train,789,0.84
f1,test,79,0.65
auc_roc,train,79,0.63
auc_roc,test,79,0.64
log_loss,train,790,1.22
precision,test,790,0.9
accuracy,val,790,0.96
f1,train,791,0.68
log_loss,train,791,0.47
recall,test,791,0.85
f1,train,792,0.89
accuracy,train,792,0.85
auc_roc,val,792,0.78
auc_roc,test,793,0.67
precision,val,793,0.91
log_loss,val,793,0.38
precision,test,794,0.72
accuracy,train,794,0.88
accuracy,test,794,0.83
f1,val,795,0.78
auc_roc,train,795,0.53
precision,test,795,0.95
precision,test,796,0.97
precision,train,796,0.98
accuracy,test,796,0.88
log_loss,test,797,0.75
f1,train,797,0.83
log_loss,val,797,0.07
recall,test,798,0.87
accuracy,val,798,0.81
accuracy,val,799,0.88
f1,train,799,0.66
precision,val,799,0.93
recall,train,8,0.9
auc_roc,val,8,0.61
accuracy,val,80,0.97
log_loss,val,80,1.02
precision,test,80,0.96
auc_roc,train,800,0.91
precision,test,800,0.97
recall,train,801,0.75
accuracy,val,801,0.99
f1,test,801,0.64
log_loss,train,802,0.16
f1,test,802,0.72
precision,train,802,0.7
accuracy,val,803,0.88
f1,test,803,0.79
recall,train,803,0.82
recall,train,804,0.92
recall,val,804,0.8
precision,test,804,0.94
accuracy,train,805,0.85
auc_roc,train,805,0.66
accuracy,val,805,0.99
auc_roc,train,806,0.5
precision,val,806,0.94
accuracy,train,806,0.81
auc_roc,test,807,0.92
precision,val,807,0.61
auc_roc,train,807,0.75
precision,train,808,0.96
accuracy,test,808,0.92
recall,train,808,0.79
accuracy,train,809,0.85
auc_roc,train,809,0.88
auc_roc,train,81,0.97
auc_roc,test,81,0.52
log_loss,train,81,0.66
auc_roc,test,810,0.85
f1,test,810,0.62
precision,train,810,0.64
accuracy,train,811,0.83
f1,train,811,0.78
auc_roc,train,811,0.7
precision,val,812,0.7
accuracy,train,812,0.88
recall,train,812,0.72
f1,val,813,0.89
auc_roc,val,813,0.94
f1,train,813,0.7
accuracy,train,814,0.93
accuracy,test,814,0.94
recall,train,814,0.7
log_loss,train,815,0.33
auc_roc,train,815,0.89
accuracy,val,816,0.86
f1,train,816,0.82
log_loss,train,816,1.31
log_loss,train,817,0.42
precision,train,817,0.65
accuracy,test,817,0.85
auc_roc,train,818,0.92
log_loss,test,818,0.09
log_loss,train,819,0.59
accuracy,train,819,0.8
recall,test,819,0.63
accuracy,train,82,0.93
recall,train,82,0.84
accuracy,val,82,0.92
precision,test,820,0.69
auc_roc,train,820,0.77
precision,train,820,0.95
accuracy,test,821,0.9
log_loss,test,821,0.61
recall,train,821,0.8
log_loss,train,822,0.53
log_loss,val,822,0.32
auc_roc,train,822,0.63
recall,val,823,0.77
auc_roc,train,823,0.76
f1,train,823,0.95
log_loss,train,824,1.34
recall,train,824,0.6
accuracy,train,825,0.93
log_loss,val,825,1.3
f1,train,826,0.97
recall,test,826,0.82
log_loss,train,826,0.48
f1,train,827,0.82
accuracy,val,827,0.97
log_loss,test,827,0.62
auc_roc,train,828,0.52
f1,train,828,0.86
log_loss,train,828,0.24
auc_roc,train,829,0.88
log_loss,train,829,0.36
recall,train,83,0.9
f1,train,83,0.79
f1,val,830,0.62
accuracy,val,830,0.87
f1,test,830,0.74
recall,test,831,0.72
log_loss,train,831,0.05
auc_roc,train,831,0.62
log_loss,val,832,0.22
precision,train,832,0.6
recall,train,832,0.62
f1,train,833,0.66
precision,val,833,0.96
recall,test,833,0.95
accuracy,train,834,0.9
auc_roc,train,834,0.68
log_loss,test,835,1.22
log_loss,train,835,0.71
accuracy,val,835,0.92
log_loss,val,836,0.08
recall,val,836,0.85
f1,test,836,0.69
precision,val,837,0.8
accuracy,train,837,0.96
accuracy,val,837,0.83
auc_roc,test,838,0.55
f1,val,838,0.93
accuracy,train,838,0.99
log_loss,train,839,0.82
auc_roc,val,839,0.66
recall,train,839,0.92
f1,val,84,0.82
precision,test,84,0.91
recall,test,840,0.92
recall,val,840,0.78
auc_roc,train,840,0.57
precision,test,841,0.67
log_loss,train,841,1.25
recall,val,841,0.95
auc_roc,test,842,0.97
accuracy,val,842,0.83
log_loss,train,842,1.37
recall,val,843,0.72
log_loss,test,843,1.05
precision,train,843,0.81
f1,train,844,0.66
recall,train,844,0.7
precision,val,844,0.62
recall,train,845,0.7
auc_roc,test,845,0.89
f1,train,845,0.95
precision,test,846,0.63
auc_roc,train,846,0.79
recall,test,847,0.8
accuracy,train,847,0.97
log_loss,val,847,0.29
f1,val,848,0.7
log_loss,train,848,1.01
f1,train,848,0.73
f1,test,849,0.83
accuracy,val,849,0.89
f1,train,849,0.74
auc_roc,test,85,0.58
log_loss,train,85,0.2
log_loss,val,85,1.04
precision,val,850,0.73
accuracy,val,850,0.94
f1,train,850,0.65
auc_roc,test,851,0.93
precision,train,851,0.9
f1,train,851,0.72
precision,test,852,0.88
auc_roc,train,852,0.57
accuracy,val,852,0.87
auc_roc,test,853,0.8
f1,val,853,0.68
auc_roc,train,854,0.97
f1,test,854,0.96
recall,train,854,0.87
f1,val,855,0.78
precision,train,855,0.82
auc_roc,val,856,0.54
precision,train,856,0.62
log_loss,val,857,0.39
recall,test,857,0.6
f1,val,857,0.64
f1,val,858,0.83
auc_roc,train,858,0.51
recall,test,858,0.65
accuracy,val,859,0.92
auc_roc,val,859,0.65
precision,val,859,0.87
f1,train,86,0.66
precision,train,86,0.7
log_loss,val,860,0.18
auc_roc,train,860,0.65
accuracy,train,860,0.9
precision,train,861,0.74
log_loss,test,861,0.41
f1,train,861,0.61
auc_roc,train,862,0.61
accuracy,train,862,0.96
f1,test,863,0.77
precision,val,863,0.71
precision,train,863,0.74
log_loss,val,864,1.19
auc_roc,val,864,0.56
f1,train,864,0.9
f1,train,865,0.92
accuracy,test,865,0.94
recall,val,865,0.92
precision,train,866,0.78
precision,val,866,0.77
recall,test,866,0.61
precision,train,867,0.82
precision,test,867,0.96
recall,val,867,0.69
log_loss,val,868,1.24
recall,val,868,0.71
log_loss,test,868,1.48
recall,train,869,0.84
auc_roc,train,869,0.63
log_loss,test,869,1.2
f1,test,87,0.76
precision,train,87,0.61
log_loss,test,87,1.09
accuracy,test,870,0.98
recall,test,870,0.65
log_loss,train,870,0.18
f1,train,871,0.73
auc_roc,val,871,0.95
log_loss,test,871,0.52
log_loss,val,872,0.08
accuracy,train,872,0.97
precision,val,872,0.93
auc_roc,train,873,0.95
log_loss,train,873,1.39
precision,train,873,0.61
recall,val,874,0.89
f1,train,874,0.84
accuracy,val,874,0.89
auc_roc,test,875,0.51
recall,test,875,0.91
recall,train,875,0.75
recall,train,876,0.71
auc_roc,train,876,0.6
precision,val,876,0.63
f1,train,877,0.64
precision,train,877,0.81
auc_roc,train,878,0.54
precision,val,878,0.96
recall,train,878,0.78
auc_roc,train,879,0.87
log_loss,train,879,0.83
precision,test,879,0.74
precision,train,88,0.9
f1,train,88,0.78
precision,test,88,0.7
precision,val,880,0.65
log_loss,train,880,0.09
precision,train,880,0.63
log_loss,test,881,0.84
recall,train,881,0.88
f1,train,881,0.7
auc_roc,test,882,0.85
precision,val,882,0.81
log_loss,train,882,1.08
f1,val,883,0.95
accuracy,train,883,0.99
f1,test,883,0.82
f1,train,884,0.82
accuracy,val,884,0.97
accuracy,test,884,0.91
f1,train,885,0.73
auc_roc,train,885,0.9
f1,test,886,0.63
recall,train,886,0.62
log_loss,train,886,0.2
auc_roc,test,887,0.82
f1,train,887,0.63
f1,test,887,0.92
precision,val,888,0.92
accuracy,train,888,0.92
log_loss,val,888,0.26
auc_roc,test,889,0.72
accuracy,test,889,0.87
log_loss,train,889,0.27
log_loss,train,89,0.4
accuracy,val,89,0.86
accuracy,train,89,0.92
auc_roc,val,890,0.84
precision,val,890,0.77
f1,train,890,0.8
recall,train,891,0.86
f1,test,891,0.97
log_loss,train,892,0.59
accuracy,train,892,0.95
log_loss,train,893,0.33
auc_roc,test,893,0.79
auc_roc,train,893,0.91
log_loss,train,894,1.27
f1,test,894,0.96
recall,val,895,0.88
accuracy,test,895,0.82
auc_roc,test,895,0.98
recall,train,896,0.71
precision,val,896,0.88
f1,val,896,0.65
accuracy,train,897,0.84
log_loss,train,897,0.88
recall,train,898,0.96
precision,train,898,0.62
auc_roc,train,898,0.62
f1,train,899,0.82
recall,train,899,0.67
auc_roc,test,9,0.5
log_loss,train,9,0.73
accuracy,val,9,0.8
recall,val,90,0.81
f1,train,90,0.95
precision,test,90,0.79
accuracy,test,900,0.95
f1,train,900,0.83
log_loss,test,900,0.36
precision,train,901,0.77
recall,val,902,0.97
auc_roc,train,902,0.92
recall,train,903,0.64
accuracy,test,903,0.93
recall,test,903,0.81
f1,test,904,0.89
precision,train,904,0.75
recall,train,904,0.75
log_loss,test,905,0.33
log_loss,train,905,0.11
recall,val,905,0.84
recall,train,906,0.73
f1,train,906,0.92
auc_roc,train,907,0.7
recall,train,907,0.9
f1,train,907,0.84
precision,val,908,0.7
recall,val,908,0.85
recall,train,908,0.8
log_loss,test,909,0.05
auc_roc,train,909,0.72
precision,test,909,0.85
precision,test,91,0.74
recall,test,91,0.69
log_loss,train,91,0.74
accuracy,train,910,0.83
accuracy,val,910,0.9
recall,train,910,0.79
accuracy,train,911,0.84
log_loss,test,911,0.18
f1,train,912,0.69
recall,val,912,0.87
auc_roc,train,912,0.92
f1,train,913,0.69
accuracy,train,913,0.9
precision,train,913,0.77
f1,train,914,0.78
f1,val,914,0.83
precision,val,914,0.72
log_loss,test,915,0.8
recall,train,915,0.76
auc_roc,test,915,0.67
auc_roc,train,916,0.61
f1,train,916,0.72
log_loss,val,917,0.98
auc_roc,train,917,0.68
recall,train,917,0.66
auc_roc,train,918,0.86
log_loss,val,918,1.34
auc_roc,val,918,0.72
f1,train,919,0.95
recall,val,919,0.95
accuracy,train,919,0.99
precision,train,92,0.82
f1,train,92,0.7
auc_roc,train,920,0.86
precision,val,920,0.8
log_loss,val,920,0.38
auc_roc,val,921,0.52
precision,train,921,0.73
recall,train,921,0.93
precision,train,922,0.93
log_loss,train,922,1.24
f1,train,922,0.6
f1,train,923,0.69
f1,test,923,0.98
accuracy,train,923,0.87
auc_roc,train,924,0.65
precision,val,924,0.61
precision,test,925,0.88
f1,val,925,0.73
accuracy,train,925,0.9
precision,val,926,0.85
accuracy,train,926,0.85
precision,train,926,0.77
accuracy,val,927,0.98
recall,train,927,0.8
f1,train,928,0.8
log_loss,train,928,0.98
accuracy,train,928,0.96
accuracy,train,929,0.84
log_loss,train,929,1.0
precision,test,929,0.85
precision,test,93,0.9
accuracy,train,93,0.87
recall,test,93,0.68
f1,val,930,0.71
precision,train,930,0.62
recall,test,930,0.91
auc_roc,train,931,0.82
recall,train,931,0.68
f1,test,931,0.74
accuracy,test,932,0.82
precision,train,932,0.96
auc_roc,test,932,0.96
accuracy,train,933,0.88
log_loss,test,933,1.49
recall,val,934,0.66
auc_roc,val,934,0.57
recall,val,935,0.61
auc_roc,train,935,0.94
log_loss,train,935,0.92
recall,train,936,0.86
precision,train,936,0.76
log_loss,val,936,0.72
recall,val,937,0.74
log_loss,train,937,0.47
auc_roc,train,937,0.68
log_loss,test,938,0.64
log_loss,val,938,1.03
f1,train,938,0.6
log_loss,train,939,0.72
f1,val,939,0.97
precision,train,94,0.72
accuracy,train,94,0.89
f1,val,94,0.68
recall,test,940,0.77
accuracy,test,940,0.99
log_loss,train,940,0.59
f1,test,941,0.83
precision,train,941,0.87
precision,test,941,0.94
recall,val,942,0.82
recall,train,942,0.71
precision,val,942,0.66
auc_roc,train,943,0.59
precision,test,943,0.81
precision,test,944,0.66
recall,train,944,0.77
accuracy,val,944,0.95
log_loss,train,945,1.04
accuracy,test,945,0.92
f1,train,945,0.83
precision,val,946,0.9
log_loss,train,946,0.77
accuracy,val,946,0.88
precision,train,947,0.69
f1,test,947,0.74
auc_roc,train,948,0.89
log_loss,train,948,0.07
f1,val,948,0.77
f1,test,949,0.87
auc_roc,train,949,0.59
recall,train,95,0.81
auc_roc,train,95,0.89
f1,train,95,0.86
auc_roc,train,950,0.75
accuracy,train,950,0.87
log_loss,test,950,0.42
precision,train,951,0.75
f1,train,951,0.8
precision,test,951,0.77
auc_roc,test,952,0.61
accuracy,train,952,0.88
precision,train,952,0.67
f1,train,953,0.72
f1,val,953,0.89
log_loss,test,953,1.32
recall,train,954,0.67
log_loss,train,954,0.68
precision,test,954,0.71
auc_roc,val,955,0.52
recall,train,955,0.63
precision,test,955,0.97
log_loss,train,956,0.53
auc_roc,train,956,0.94
recall,train,956,0.72
accuracy,test,957,0.87
log_loss,val,957,1.34
accuracy,train,957,0.8
f1,train,958,0.63
accuracy,train,958,0.97
precision,train,958,0.68
f1,train,959,0.67
auc_roc,train,959,0.64
auc_roc,test,959,0.87
log_loss,val,96,0.74
recall,train,96,0.85
auc_roc,train,96,0.78
accuracy,test,960,0.82
log_loss,train,960,0.47
accuracy,train,960,0.93
accuracy,train,961,0.97
auc_roc,train,961,0.73
recall,val,961,0.6
recall,train,962,0.67
auc_roc,val,962,0.76
accuracy,train,962,0.99
auc_roc,train,963,0.89
f1,train,963,0.85
recall,train,963,0.64
f1,test,964,0.94
recall,train,964,0.65
accuracy,val,964,0.99
recall,test,965,0.86
recall,train,965,0.83
auc_roc,train,965,0.65
f1,val,966,0.97
recall,train,966,0.61
recall,test,966,0.69
log_loss,test,967,1.42
log_loss,train,967,1.27
precision,val,968,0.81
log_loss,train,968,0.32
auc_roc,train,968,0.5
auc_roc,train,969,0.57
precision,train,969,0.93
log_loss,train,969,1.29
log_loss,train,97,1.34
recall,train,97,0.71
accuracy,train,970,0.97
accuracy,test,970,0.86
f1,test,970,0.93
f1,train,971,0.64
precision,train,971,0.71
accuracy,test,971,0.94
f1,val,972,0.83
precision,test,972,0.96
recall,train,973,0.75
precision,val,973,0.69
auc_roc,val,973,0.69
auc_roc,train,974,0.89
f1,val,974,0.95
precision,val,974,0.86
f1,train,975,0.85
recall,val,975,0.96
recall,train,975,0.89
recall,train,976,0.75
auc_roc,train,976,0.66
accuracy,train,977,0.95
precision,train,977,0.96
recall,test,978,0.82
accuracy,train,978,0.93
precision,val,978,0.69
precision,train,979,0.72
precision,test,979,0.65
auc_roc,test,979,0.53
precision,train,98,0.67
f1,test,98,0.76
accuracy,val,98,0.82
accuracy,test,980,0.92
log_loss,train,980,1.05
f1,train,980,0.67
f1,val,981,0.73
log_loss,train,981,0.3
log_loss,test,981,1.44
log_loss,test,982,1.07
recall,train,982,0.74
auc_roc,test,982,0.64
log_loss,train,983,1.31
auc_roc,test,983,0.71
log_loss,val,983,0.45
log_loss,train,984,1.02
precision,train,984,0.88
auc_roc,val,984,0.81
auc_roc,train,985,0.67
log_loss,test,985,1.27
log_loss,train,986,1.32
auc_roc,val,986,0.6
log_loss,val,986,0.44
auc_roc,train,987,0.78
log_loss,train,987,1.44
recall,test,988,0.69
log_loss,train,988,0.42
accuracy,train,988,0.95
accuracy,val,989,0.83
precision,train,989,0.9
f1,train,99,0.74
auc_roc,train,99,0.81
auc_roc,val,990,0.63
accuracy,train,990,0.83
recall,train,990,0.88
log_loss,train,991,1.26
auc_roc,val,991,0.59
precision,val,991,0.74
precision,train,992,0.79
precision,test,992,0.76
precision,val,992,0.71
log_loss,val,993,1.06
auc_roc,val,993,0.72
accuracy,val,993,0.85
recall,val,994,0.82
f1,test,994,0.62
recall,train,994,0.96
log_loss,val,995,0.13
log_loss,train,995,0.28
f1,train,995,0.8
f1,test,996,0.75
accuracy,val,996,0.91
accuracy,test,996,0.81
precision,train,997,0.72
recall,train,997,0.63
precision,val,997,0.72
f1,test,998,0.71
accuracy,train,998,0.84
log_loss,test,998,1.09
auc_roc,train,999,0.81
accuracy,train,999,0.92
