id_run,numero_run,estado,tiempo_inicio,tiempo_fin,id_usuario,version_dataset,id_dataset,id_experimento
1,13,RUNNING,2025-05-03 11:25:16,2025-05-03 11:29:14,75,1,5,52
2,13,FAILED,2025-08-18 14:32:22,2025-08-18 14:36:50,78,4,5,45
3,4,CANCELLED,2025-02-16 13:52:56,2025-02-16 13:53:12,62,2,8,36
4,8,PENDING,2025-04-24 21:28:00,2025-04-24 21:31:30,100,3,7,39
5,5,COMPLETED,2025-03-17 19:08:11,2025-03-17 19:15:39,46,4,6,56
6,9,CANCELLED,2025-03-31 02:58:29,2025-03-31 03:01:22,66,1,1,24
7,2,COMPLETED,2025-02-20 09:21:18,2025-02-20 09:24:01,93,1,5,77
8,7,PENDING,2025-06-23 22:27:10,2025-06-23 22:30:25,84,2,8,64
9,13,FAILED,2025-07-23 03:16:09,2025-07-23 03:20:26,2,3,4,43
10,11,RUNNING,2025-06-17 15:10:04,2025-06-17 15:11:06,38,3,1,46
11,11,PENDING,2025-08-02 08:19:48,2025-08-02 08:21:40,97,3,2,28
12,3,RUNNING,2025-03-15 16:24:28,2025-03-15 16:30:17,12,4,6,44
13,8,CANCELLED,2025-05-14 07:26:38,2025-05-14 07:33:01,6,1,4,22
14,7,FAILED,2025-05-19 16:59:39,2025-05-19 17:05:32,72,1,5,33
15,14,COMPLETED,2025-08-06 09:20:57,2025-08-06 09:22:27,29,4,7,31
16,13,CANCELLED,2025-08-03 20:16:12,2025-08-03 20:23:35,39,2,7,15
17,13,PENDING,2025-07-02 19:03:31,2025-07-02 19:03:49,88,3,7,50
18,13,COMPLETED,2025-06-18 12:32:09,2025-06-18 12:34:08,68,2,3,86
19,5,RUNNING,2025-05-05 22:04:56,2025-05-05 22:08:03,4,1,1,70
20,8,FAILED,2025-02-08 22:05:12,2025-02-08 22:09:18,54,2,3,29
21,13,COMPLETED,2025-08-14 05:40:20,2025-08-14 05:43:37,43,2,2,59
22,1,FAILED,2025-01-30 05:51:42,2025-01-30 05:54:31,81,1,4,1
23,10,RUNNING,2025-06-12 11:05:55,2025-06-12 11:06:32,48,1,8,41
24,14,CANCELLED,2025-08-15 08:57:54,2025-08-15 09:01:44,99,2,2,69
25,10,PENDING,2025-04-27 04:26:17,2025-04-27 04:26:26,9,4,6,67
26,12,COMPLETED,2025-07-03 19:28:31,2025-07-03 19:36:07,82,3,4,75
27,5,RUNNING,2025-03-24 20:21:08,2025-03-24 20:23:55,86,3,3,57
28,10,FAILED,2025-06-07 13:21:42,2025-06-07 13:23:32,45,2,3,65
29,3,CANCELLED,2025-02-18 03:33:08,2025-02-18 03:38:39,57,3,6,7
30,4,PENDING,2025-02-28 18:04:20,2025-02-28 18:09:01,92,1,2,18
31,3,CANCELLED,2025-02-19 22:06:52,2025-02-19 22:12:36,40,4,6,85
32,8,PENDING,2025-04-29 14:48:38,2025-04-29 14:53:52,60,2,7,14
33,12,COMPLETED,2025-07-29 15:13:10,2025-07-29 15:15:57,74,3,5,68
34,13,FAILED,2025-07-23 21:13:44,2025-07-23 21:15:05,64,1,6,47
35,5,RUNNING,2025-03-09 07:12:49,2025-03-09 07:20:19,63,3,4,79
36,13,CANCELLED,2025-06-24 20:54:44,2025-06-24 20:56:36,33,1,4,83
37,7,FAILED,2025-03-15 08:24:02,2025-03-15 08:28:11,26,1,6,63
38,12,PENDING,2025-07-20 08:38:06,2025-07-20 08:43:44,71,1,3,60
39,11,COMPLETED,2025-06-04 02:21:36,2025-06-04 02:22:14,94,3,2,96
40,2,RUNNING,2025-02-25 08:09:11,2025-02-25 08:15:53,44,4,2,94
41,9,FAILED,2025-06-04 21:30:56,2025-06-04 21:33:43,20,3,8,76
42,13,RUNNING,2025-08-19 00:34:27,2025-08-19 00:37:25,25,4,3,38
43,4,CANCELLED,2025-02-19 17:29:16,2025-02-19 17:30:16,65,3,5,73
44,14,COMPLETED,2025-08-26 15:14:52,2025-08-26 15:16:47,76,1,2,66
45,1,PENDING,2025-01-05 06:49:05,2025-01-05 06:55:56,55,2,1,21
46,6,COMPLETED,2025-04-26 11:21:45,2025-04-26 11:25:28,24,2,3,42
47,6,PENDING,2025-03-26 07:16:15,2025-03-26 07:23:54,28,1,5,80
48,13,RUNNING,2025-07-29 02:22:09,2025-07-29 02:29:25,50,3,7,25
49,14,CANCELLED,2025-07-24 15:41:35,2025-07-24 15:42:31,14,2,1,54
50,5,FAILED,2025-04-11 02:16:20,2025-04-11 02:19:16,41,3,8,26
51,4,PENDING,2025-02-23 09:06:46,2025-02-23 09:07:32,10,3,5,62
52,9,FAILED,2025-04-04 21:30:52,2025-04-04 21:38:44,98,2,7,34
53,1,RUNNING,2025-01-17 11:33:38,2025-01-17 11:33:43,22,2,1,58
54,4,CANCELLED,2025-04-07 17:04:55,2025-04-07 17:10:26,52,2,4,81
55,3,COMPLETED,2025-01-20 21:47:13,2025-01-20 21:47:35,17,2,7,90
56,5,PENDING,2025-01-30 18:35:17,2025-01-30 18:41:33,8,3,6,11
57,2,FAILED,2025-02-09 05:02:00,2025-02-09 05:06:25,83,2,8,55
58,12,RUNNING,2025-07-23 02:54:49,2025-07-23 03:00:35,91,4,4,100
59,6,CANCELLED,2025-03-04 09:20:00,2025-03-04 09:23:31,96,1,3,2
60,13,COMPLETED,2025-05-30 20:58:56,2025-05-30 21:01:43,11,1,2,5
61,14,CANCELLED,2025-08-02 23:25:26,2025-08-02 23:27:36,95,2,3,10
62,8,FAILED,2025-04-22 13:38:15,2025-04-22 13:43:49,37,2,5,37
63,7,COMPLETED,2025-04-09 20:38:23,2025-04-09 20:38:55,67,3,6,19
64,4,PENDING,2025-03-10 00:01:24,2025-03-10 00:03:47,16,3,7,16
65,11,RUNNING,2025-06-21 11:29:37,2025-06-21 11:33:35,30,2,7,9
66,13,FAILED,2025-07-17 08:27:40,2025-07-17 08:33:53,73,1,3,3
67,9,COMPLETED,2025-04-13 15:18:17,2025-04-13 15:23:08,15,3,4,27
68,15,PENDING,2025-07-13 20:18:00,2025-07-13 20:23:35,59,1,8,74
69,9,RUNNING,2025-05-27 13:24:35,2025-05-27 13:28:56,35,1,8,13
70,9,CANCELLED,2025-05-11 21:58:46,2025-05-11 22:02:31,3,4,2,92
71,5,PENDING,2025-03-16 20:39:09,2025-03-16 20:39:33,47,4,2,99
72,5,FAILED,2025-04-03 02:57:55,2025-04-03 02:58:10,36,3,7,12
73,12,RUNNING,2025-07-12 12:26:27,2025-07-12 12:26:50,7,3,6,40
74,11,CANCELLED,2025-05-10 19:35:06,2025-05-10 19:36:49,21,4,5,30
75,1,COMPLETED,2025-01-22 09:00:12,2025-01-22 09:01:02,1,4,6,78
76,5,COMPLETED,2025-05-19 18:24:45,2025-05-19 18:31:09,53,2,1,89
77,9,RUNNING,2025-07-05 04:27:45,2025-07-05 04:34:14,56,4,4,84
78,10,FAILED,2025-06-03 15:38:44,2025-06-03 15:42:16,49,1,6,72
79,14,CANCELLED,2025-08-07 13:05:56,2025-08-07 13:08:31,85,2,1,4
80,12,PENDING,2025-05-26 12:46:46,2025-05-26 12:49:40,42,1,5,35
81,14,PENDING,2025-08-10 22:17:48,2025-08-10 22:19:23,34,2,2,87
82,7,COMPLETED,2025-05-31 10:19:44,2025-05-31 10:24:05,70,1,3,51
83,8,RUNNING,2025-04-17 22:14:31,2025-04-17 22:19:45,5,2,3,49
84,14,CANCELLED,2025-08-04 03:16:28,2025-08-04 03:23:11,31,2,7,82
85,6,FAILED,2025-03-27 19:06:25,2025-03-27 19:08:10,87,3,8,6
86,4,PENDING,2025-02-12 23:52:57,2025-02-12 23:54:16,27,3,1,53
87,4,FAILED,2025-03-27 12:16:26,2025-03-27 12:24:15,23,1,4,97
88,8,RUNNING,2025-06-15 19:51:31,2025-06-15 19:54:05,61,3,4,61
89,6,CANCELLED,2025-05-09 19:29:22,2025-05-09 19:31:36,13,1,5,88
90,7,COMPLETED,2025-04-13 05:14:24,2025-04-13 05:16:05,18,2,2,91
91,1,RUNNING,2025-01-27 23:52:47,2025-01-27 23:53:02,90,4,7,8
92,4,CANCELLED,2025-01-19 05:43:57,2025-01-19 05:49:13,77,2,3,23
93,4,COMPLETED,2025-02-24 06:10:31,2025-02-24 06:14:46,89,4,6,71
94,10,PENDING,2025-06-01 23:33:35,2025-06-01 23:38:47,80,3,3,98
95,13,FAILED,2025-08-06 02:06:29,2025-08-06 02:13:29,79,4,6,17
96,9,PENDING,2025-07-14 10:19:36,2025-07-14 10:27:33,58,2,8,32
97,14,RUNNING,2025-08-10 06:32:43,2025-08-10 06:35:31,51,3,5,48
98,10,CANCELLED,2025-06-26 22:03:05,2025-06-26 22:06:49,32,1,2,93
99,4,FAILED,2025-02-07 21:38:50,2025-02-07 21:42:54,69,3,7,20
100,11,COMPLETED,2025-08-04 22:30:38,2025-08-04 22:34:02,19,1,7,95
101,3,CANCELLED,2025-03-23 12:32:17,2025-03-23 12:38:59,83,2,8,12
102,12,FAILED,2025-07-22 18:04:12,2025-07-22 18:11:49,59,2,1,64
103,12,PENDING,2025-06-13 19:01:59,2025-06-13 19:03:51,37,2,2,4
104,1,COMPLETED,2025-01-20 06:37:33,2025-01-20 06:37:44,54,1,4,48
105,7,RUNNING,2025-03-28 12:32:08,2025-03-28 12:34:46,49,2,6,15
106,9,PENDING,2025-06-27 17:27:39,2025-06-27 17:27:46,31,3,2,23
107,9,COMPLETED,2025-04-26 12:11:19,2025-04-26 12:13:01,82,2,6,25
108,15,FAILED,2025-08-25 04:00:56,2025-08-25 04:03:24,75,1,7,61
109,3,RUNNING,2025-01-19 04:34:47,2025-01-19 04:38:44,29,4,4,11
110,10,CANCELLED,2025-05-30 00:21:39,2025-05-30 00:26:21,51,3,1,44
111,7,FAILED,2025-04-23 12:06:32,2025-04-23 12:10:34,13,3,5,47
112,10,RUNNING,2025-05-15 16:11:50,2025-05-15 16:18:57,69,2,3,18
113,12,CANCELLED,2025-06-28 16:41:01,2025-06-28 16:48:43,26,2,4,67
114,5,COMPLETED,2025-05-02 15:50:40,2025-05-02 15:55:46,74,1,5,38
115,5,PENDING,2025-02-21 15:20:05,2025-02-21 15:25:33,73,3,8,90
116,3,CANCELLED,2025-04-14 18:45:33,2025-04-14 18:48:57,43,3,1,70
117,6,PENDING,2025-03-26 01:26:40,2025-03-26 01:29:12,35,1,5,74
118,12,COMPLETED,2025-07-03 07:15:36,2025-07-03 07:18:21,52,3,2,71
119,2,FAILED,2025-01-30 22:40:28,2025-01-30 22:47:43,98,1,4,6
120,6,RUNNING,2025-03-27 11:31:07,2025-03-27 11:38:59,32,1,3,65
121,12,COMPLETED,2025-08-07 04:24:11,2025-08-07 04:27:31,8,1,6,37
122,10,PENDING,2025-04-30 04:13:13,2025-04-30 04:15:32,45,1,7,5
123,2,RUNNING,2025-02-20 06:24:30,2025-02-20 06:26:03,27,4,2,88
124,10,CANCELLED,2025-06-18 16:35:27,2025-06-18 16:42:57,38,3,8,63
125,8,FAILED,2025-05-30 11:46:05,2025-05-30 11:48:51,62,2,1,32
126,5,COMPLETED,2025-05-05 12:14:26,2025-05-05 12:16:11,22,1,5,81
127,11,PENDING,2025-07-23 15:41:35,2025-07-23 15:44:51,86,1,1,66
128,7,RUNNING,2025-05-13 17:08:52,2025-05-13 17:15:14,92,3,3,80
129,12,CANCELLED,2025-07-04 21:53:15,2025-07-04 21:55:01,33,4,7,30
130,14,FAILED,2025-08-11 22:18:51,2025-08-11 22:24:57,96,1,8,2
131,7,RUNNING,2025-04-10 09:29:15,2025-04-10 09:32:57,100,2,7,75
132,15,CANCELLED,2025-08-27 06:58:21,2025-08-27 07:03:30,30,3,7,36
133,14,FAILED,2025-07-26 12:23:40,2025-07-26 12:29:07,14,1,4,98
134,8,PENDING,2025-04-25 04:50:39,2025-04-25 04:56:31,91,3,8,17
135,9,COMPLETED,2025-06-10 07:15:20,2025-06-10 07:22:47,97,3,3,46
136,15,CANCELLED,2025-08-22 23:15:28,2025-08-22 23:20:08,4,4,5,69
137,5,FAILED,2025-03-01 19:34:38,2025-03-01 19:35:57,10,1,4,19
138,1,COMPLETED,2025-02-11 00:41:14,2025-02-11 00:42:01,94,2,4,97
139,11,PENDING,2025-06-17 17:33:23,2025-06-17 17:37:54,15,1,1,56
140,15,RUNNING,2025-08-28 01:54:17,2025-08-28 01:54:48,77,2,2,1
141,15,RUNNING,2025-08-31 11:27:02,2025-08-31 11:32:01,93,2,2,91
142,4,CANCELLED,2025-03-28 16:06:56,2025-03-28 16:11:11,3,2,5,84
143,7,COMPLETED,2025-03-16 19:20:30,2025-03-16 19:26:44,80,3,6,87
144,15,PENDING,2025-08-29 21:07:52,2025-08-29 21:08:59,56,1,4,59
145,3,FAILED,2025-03-11 21:17:32,2025-03-11 21:20:49,99,1,3,43
146,2,FAILED,2025-01-31 21:10:04,2025-01-31 21:14:20,39,3,6,9
147,8,CANCELLED,2025-04-09 11:47:51,2025-04-09 11:51:36,66,2,6,96
148,3,PENDING,2025-02-21 12:53:13,2025-02-21 12:58:11,25,3,3,92
149,1,COMPLETED,2025-01-21 06:39:50,2025-01-21 06:45:04,41,2,2,26
150,9,RUNNING,2025-05-22 23:52:46,2025-05-22 23:58:56,85,3,5,57
151,12,CANCELLED,2025-07-11 21:07:09,2025-07-11 21:14:46,1,3,6,89
152,14,FAILED,2025-08-08 12:43:22,2025-08-08 12:44:47,84,1,8,53
153,11,COMPLETED,2025-06-06 11:55:21,2025-06-06 11:55:50,61,3,4,72
154,2,PENDING,2025-02-07 21:19:26,2025-02-07 21:26:21,48,1,4,54
155,9,RUNNING,2025-05-09 15:17:36,2025-05-09 15:23:03,90,4,5,20
156,10,PENDING,2025-03-25 19:29:06,2025-03-25 19:29:09,5,2,1,83
157,2,FAILED,2025-01-25 18:45:41,2025-01-25 18:53:38,18,4,3,7
158,4,RUNNING,2025-03-20 05:58:02,2025-03-20 05:58:24,36,3,8,55
159,5,CANCELLED,2025-03-07 22:48:09,2025-03-07 22:53:20,11,1,1,51
160,6,COMPLETED,2025-04-19 06:01:26,2025-04-19 06:03:11,53,2,2,31
161,5,PENDING,2025-02-26 06:08:14,2025-02-26 06:13:06,72,2,7,58
162,8,RUNNING,2025-06-07 09:28:07,2025-06-07 09:32:43,63,1,3,28
163,14,CANCELLED,2025-06-16 01:22:26,2025-06-16 01:23:37,9,2,3,85
164,2,FAILED,2025-03-17 03:07:12,2025-03-17 03:09:43,12,2,7,100
165,3,COMPLETED,2025-02-06 10:48:15,2025-02-06 10:55:50,65,3,6,82
166,13,RUNNING,2025-08-13 03:43:12,2025-08-13 03:45:36,76,2,7,16
167,12,CANCELLED,2025-07-11 19:36:59,2025-07-11 19:43:33,95,1,8,8
168,1,COMPLETED,2025-01-16 20:18:16,2025-01-16 20:21:34,57,3,2,77
169,5,PENDING,2025-06-15 02:35:04,2025-06-15 02:38:18,68,3,3,60
170,8,FAILED,2025-03-21 16:02:55,2025-03-21 16:10:11,47,1,5,24
171,9,COMPLETED,2025-05-31 11:01:53,2025-05-31 11:06:37,58,4,7,93
172,5,RUNNING,2025-03-06 14:55:49,2025-03-06 15:00:37,42,2,2,3
173,3,CANCELLED,2025-03-08 02:40:19,2025-03-08 02:40:34,28,4,4,99
174,1,FAILED,2025-01-02 18:30:50,2025-01-02 18:33:36,60,1,6,29
175,12,PENDING,2025-07-01 17:15:56,2025-07-01 17:16:32,79,2,2,22
176,5,PENDING,2025-03-17 07:02:39,2025-03-17 07:09:59,71,1,4,45
177,14,RUNNING,2025-08-23 04:20:54,2025-08-23 04:26:27,64,1,5,13
178,12,CANCELLED,2025-06-22 05:17:51,2025-06-22 05:24:43,88,4,5,79
179,7,FAILED,2025-05-09 03:18:17,2025-05-09 03:20:05,81,3,6,42
180,8,COMPLETED,2025-04-02 22:22:33,2025-04-02 22:27:39,34,3,1,35
181,6,COMPLETED,2025-03-05 09:44:48,2025-03-05 09:52:31,20,1,4,78
182,4,PENDING,2025-02-09 10:26:28,2025-02-09 10:26:44,23,4,5,41
183,9,RUNNING,2025-07-18 23:50:08,2025-07-18 23:56:31,70,1,5,95
184,13,CANCELLED,2025-07-31 23:43:06,2025-07-31 23:44:54,78,3,6,62
185,2,FAILED,2025-01-24 11:17:23,2025-01-24 11:25:08,24,1,1,76
186,3,PENDING,2025-01-18 07:24:49,2025-01-18 07:29:05,16,1,6,52
187,9,COMPLETED,2025-07-09 19:58:40,2025-07-09 19:58:48,17,2,8,94
188,6,RUNNING,2025-03-10 17:01:00,2025-03-10 17:02:23,40,2,4,33
189,13,CANCELLED,2025-06-26 06:54:49,2025-06-26 06:58:28,89,1,4,21
190,1,FAILED,2025-01-03 17:01:00,2025-01-03 17:02:46,46,1,5,73
191,2,RUNNING,2025-01-13 10:32:53,2025-01-13 10:35:24,7,2,1,49
192,13,CANCELLED,2025-07-26 08:28:22,2025-07-26 08:32:33,44,4,3,10
193,2,COMPLETED,2025-02-08 19:22:01,2025-02-08 19:29:23,67,2,8,39
194,15,PENDING,2025-08-25 00:54:42,2025-08-25 00:56:43,19,3,1,40
195,3,FAILED,2025-02-05 05:45:02,2025-02-05 05:51:46,50,3,2,34
196,6,RUNNING,2025-02-18 17:56:15,2025-02-18 17:58:05,2,2,7,86
197,9,CANCELLED,2025-05-07 05:02:05,2025-05-07 05:04:34,55,2,3,14
198,6,FAILED,2025-03-16 19:06:42,2025-03-16 19:07:13,21,3,3,68
199,15,PENDING,2025-08-21 20:09:33,2025-08-21 20:16:14,87,3,7,27
200,4,COMPLETED,2025-03-08 13:48:50,2025-03-08 13:53:58,6,3,6,50
201,5,FAILED,2025-04-23 23:52:56,2025-04-24 00:00:11,17,4,7,93
202,2,RUNNING,2025-01-10 20:43:18,2025-01-10 20:48:48,80,2,8,2
203,11,CANCELLED,2025-07-03 08:07:34,2025-07-03 08:13:05,70,2,2,70
204,15,COMPLETED,2025-08-13 14:55:39,2025-08-13 15:03:20,1,2,3,14
205,3,PENDING,2025-02-27 02:56:29,2025-02-27 03:01:50,18,3,5,94
206,12,CANCELLED,2025-07-17 02:41:03,2025-07-17 02:44:32,58,3,7,63
207,1,COMPLETED,2025-02-15 23:49:10,2025-02-15 23:56:03,32,4,2,44
208,6,PENDING,2025-03-05 01:44:51,2025-03-05 01:47:20,2,3,4,69
209,9,FAILED,2025-06-15 15:20:14,2025-06-15 15:25:50,73,1,6,8
210,1,RUNNING,2025-01-25 12:15:55,2025-01-25 12:22:06,34,1,2,50
211,10,FAILED,2025-07-10 11:57:51,2025-07-10 12:04:19,36,2,3,23
212,4,RUNNING,2025-02-15 22:36:51,2025-02-15 22:37:03,28,3,2,90
213,2,CANCELLED,2025-03-08 23:29:39,2025-03-08 23:35:23,21,3,7,12
214,7,PENDING,2025-06-03 10:45:00,2025-06-03 10:47:32,68,3,2,36
215,10,COMPLETED,2025-02-25 11:37:53,2025-02-25 11:41:15,10,3,1,29
216,4,PENDING,2025-01-28 19:52:08,2025-01-28 19:59:20,20,2,2,83
217,3,FAILED,2025-03-03 11:36:47,2025-03-03 11:44:43,16,2,7,56
218,10,RUNNING,2025-06-28 15:34:40,2025-06-28 15:39:23,53,3,5,3
219,4,CANCELLED,2025-01-19 14:08:17,2025-01-19 14:15:57,92,2,5,11
220,9,COMPLETED,2025-06-14 08:18:57,2025-06-14 08:21:40,15,4,4,54
221,12,PENDING,2025-07-06 18:24:35,2025-07-06 18:28:21,64,3,4,13
222,2,FAILED,2025-02-12 22:58:25,2025-02-12 23:05:25,93,3,4,46
223,10,RUNNING,2025-06-25 05:09:28,2025-06-25 05:12:28,83,1,4,81
224,5,CANCELLED,2025-03-04 15:31:54,2025-03-04 15:33:12,66,2,2,22
225,6,COMPLETED,2025-04-13 04:20:00,2025-04-13 04:24:20,12,1,1,47
226,10,RUNNING,2025-07-10 15:10:24,2025-07-10 15:10:37,13,1,6,60
227,15,FAILED,2025-09-01 13:01:59,2025-09-01 13:03:55,95,1,1,84
228,5,CANCELLED,2025-03-09 13:28:18,2025-03-09 13:28:18,51,1,7,75
229,14,PENDING,2025-08-06 19:08:49,2025-08-06 19:10:22,31,2,5,6
230,10,COMPLETED,2025-08-01 00:53:27,2025-08-01 00:57:26,6,4,6,61
231,1,COMPLETED,2025-01-22 02:52:36,2025-01-22 02:57:58,89,3,8,89
232,12,FAILED,2025-07-31 09:14:44,2025-07-31 09:14:50,82,4,3,66
233,6,RUNNING,2025-03-26 11:06:52,2025-03-26 11:12:02,3,2,5,15
234,1,CANCELLED,2025-01-04 17:21:35,2025-01-04 17:22:52,81,2,3,86
235,14,PENDING,2025-08-07 12:26:12,2025-08-07 12:31:50,24,3,3,58
236,12,CANCELLED,2025-07-08 10:00:12,2025-07-08 10:01:15,7,1,6,16
237,13,FAILED,2025-08-16 23:25:42,2025-08-16 23:26:12,50,4,6,32
238,8,PENDING,2025-05-19 06:48:11,2025-05-19 06:55:41,39,3,8,80
239,9,COMPLETED,2025-04-10 14:05:37,2025-04-10 14:08:12,63,1,8,79
240,15,RUNNING,2025-08-09 12:48:20,2025-08-09 12:52:04,60,1,7,78
241,7,CANCELLED,2025-04-08 11:47:12,2025-04-08 11:48:14,90,2,2,17
242,6,FAILED,2025-04-24 16:17:51,2025-04-24 16:22:59,59,3,3,48
243,9,COMPLETED,2025-05-27 23:59:39,2025-05-28 00:01:04,46,1,5,26
244,7,PENDING,2025-04-07 09:06:55,2025-04-07 09:12:52,9,4,6,72
245,5,RUNNING,2025-04-20 11:46:41,2025-04-20 11:51:56,75,4,7,100
246,10,CANCELLED,2025-06-13 04:54:07,2025-06-13 04:54:16,61,1,7,99
247,14,FAILED,2025-07-20 02:22:17,2025-07-20 02:26:45,40,1,3,21
248,8,COMPLETED,2025-05-26 05:17:48,2025-05-26 05:20:20,76,2,4,62
249,1,PENDING,2025-01-09 08:30:24,2025-01-09 08:32:09,67,3,8,49
250,8,RUNNING,2025-07-13 12:59:25,2025-07-13 13:05:04,97,3,8,95
251,13,COMPLETED,2025-07-16 05:10:47,2025-07-16 05:18:00,14,3,2,98
252,8,PENDING,2025-04-26 00:57:11,2025-04-26 01:01:29,65,3,2,55
253,2,RUNNING,2025-02-07 03:34:19,2025-02-07 03:40:57,43,2,7,73
254,15,CANCELLED,2025-08-19 11:14:53,2025-08-19 11:14:59,33,2,6,33
255,3,FAILED,2025-02-04 13:32:53,2025-02-04 13:34:54,30,3,5,87
256,7,RUNNING,2025-03-29 05:27:59,2025-03-29 05:30:25,79,2,6,68
257,2,CANCELLED,2025-01-27 10:03:48,2025-01-27 10:09:16,87,3,1,20
258,1,FAILED,2025-01-22 20:59:33,2025-01-22 21:01:07,78,3,4,24
259,8,COMPLETED,2025-04-12 23:29:00,2025-04-12 23:30:17,98,3,6,27
260,13,PENDING,2025-06-23 23:10:47,2025-06-23 23:12:20,94,1,1,74
261,7,COMPLETED,2025-05-23 18:22:51,2025-05-23 18:27:28,100,2,5,43
262,7,PENDING,2025-05-07 12:03:10,2025-05-07 12:09:07,54,1,2,38
263,14,FAILED,2025-08-18 07:24:32,2025-08-18 07:30:22,41,1,3,88
264,2,RUNNING,2025-01-13 11:19:30,2025-01-13 11:23:22,48,1,3,10
265,7,CANCELLED,2025-04-09 03:00:33,2025-04-09 03:01:10,27,1,7,65
266,11,FAILED,2025-06-24 03:07:27,2025-06-24 03:10:42,47,2,8,19
267,11,RUNNING,2025-07-21 06:39:42,2025-07-21 06:43:40,69,3,1,42
268,11,CANCELLED,2025-05-25 23:15:08,2025-05-25 23:21:05,55,4,4,67
269,4,PENDING,2025-02-28 13:29:20,2025-02-28 13:35:45,23,4,4,51
270,7,COMPLETED,2025-04-13 20:15:20,2025-04-13 20:19:53,38,2,5,30
271,14,FAILED,2025-08-09 05:38:16,2025-08-09 05:42:07,52,3,6,64
272,9,RUNNING,2025-05-27 18:21:36,2025-05-27 18:24:06,96,2,1,31
273,15,CANCELLED,2025-08-31 18:58:23,2025-08-31 19:02:51,74,3,5,39
274,14,COMPLETED,2025-08-29 00:43:01,2025-08-29 00:50:52,72,3,8,91
275,1,PENDING,2025-01-31 08:23:47,2025-01-31 08:31:22,56,1,4,96
276,1,CANCELLED,2025-01-10 08:36:06,2025-01-10 08:37:32,62,2,1,4
277,13,PENDING,2025-07-20 17:45:16,2025-07-20 17:51:08,37,4,2,82
278,3,COMPLETED,2025-02-27 11:33:25,2025-02-27 11:39:40,11,2,6,77
279,7,RUNNING,2025-04-04 14:33:50,2025-04-04 14:37:39,44,2,4,76
280,5,FAILED,2025-05-01 22:49:51,2025-05-01 22:53:11,99,4,5,97
281,14,CANCELLED,2025-06-30 18:52:55,2025-06-30 18:55:28,84,1,7,5
282,2,FAILED,2025-02-01 21:42:21,2025-02-01 21:46:50,86,2,7,35
283,13,PENDING,2025-07-09 10:40:25,2025-07-09 10:43:02,71,1,7,71
284,4,COMPLETED,2025-02-11 23:24:01,2025-02-11 23:25:51,77,2,3,40
285,13,RUNNING,2025-07-27 17:41:26,2025-07-27 17:43:35,88,3,1,9
286,2,CANCELLED,2025-02-15 05:06:41,2025-02-15 05:10:32,49,1,3,25
287,6,COMPLETED,2025-05-28 14:38:57,2025-05-28 14:46:43,8,3,2,1
288,8,PENDING,2025-03-18 10:57:59,2025-03-18 11:01:07,85,2,4,34
289,6,FAILED,2025-02-07 22:06:10,2025-02-07 22:09:39,57,1,8,52
290,4,RUNNING,2025-03-06 07:02:13,2025-03-06 07:09:57,5,1,2,59
291,13,PENDING,2025-08-12 18:33:33,2025-08-12 18:34:23,22,1,6,28
292,5,RUNNING,2025-02-16 20:20:11,2025-02-16 20:27:27,19,2,4,53
293,3,CANCELLED,2025-03-08 14:27:16,2025-03-08 14:28:06,25,1,3,45
294,11,FAILED,2025-06-03 14:20:28,2025-06-03 14:21:45,42,4,3,92
295,2,COMPLETED,2025-01-28 06:52:08,2025-01-28 06:58:33,91,3,6,41
296,1,PENDING,2025-01-03 04:52:18,2025-01-03 04:56:24,26,2,2,18
297,5,RUNNING,2025-03-21 20:57:39,2025-03-21 21:02:55,29,3,5,85
298,6,CANCELLED,2025-04-19 07:39:12,2025-04-19 07:47:06,4,1,5,57
299,6,FAILED,2025-04-04 04:44:07,2025-04-04 04:45:54,35,3,8,37
300,13,COMPLETED,2025-06-21 23:19:16,2025-06-21 23:21:55,45,4,7,7
301,10,CANCELLED,2025-06-07 03:06:14,2025-06-07 03:06:17,8,1,4,25
302,6,FAILED,2025-04-07 18:46:22,2025-04-07 18:53:35,56,3,8,13
303,10,COMPLETED,2025-06-05 15:12:22,2025-06-05 15:19:20,48,2,1,2
304,1,PENDING,2025-01-23 18:54:29,2025-01-23 18:57:23,96,1,3,62
305,2,RUNNING,2025-01-28 22:09:04,2025-01-28 22:16:38,68,2,3,33
306,4,FAILED,2025-03-14 11:10:38,2025-03-14 11:14:21,84,2,4,96
307,3,RUNNING,2025-02-22 19:55:00,2025-02-22 19:58:39,14,2,7,5
308,14,CANCELLED,2025-08-28 13:41:56,2025-08-28 13:45:45,81,3,6,60
309,8,PENDING,2025-04-16 19:32:54,2025-04-16 19:37:25,79,2,8,74
310,15,COMPLETED,2025-08-25 22:58:27,2025-08-25 23:02:05,59,1,4,100
311,1,COMPLETED,2025-02-07 02:46:29,2025-02-07 02:52:32,22,2,1,93
312,6,FAILED,2025-02-27 14:18:57,2025-02-27 14:25:58,23,1,4,87
313,4,RUNNING,2025-03-01 01:21:10,2025-03-01 01:24:16,64,3,2,42
314,9,CANCELLED,2025-07-21 05:09:52,2025-07-21 05:12:14,44,1,3,66
315,15,PENDING,2025-08-27 04:29:42,2025-08-27 04:32:35,26,4,5,95
316,9,FAILED,2025-03-13 15:21:59,2025-03-13 15:27:19,39,4,2,83
317,9,PENDING,2025-03-28 13:53:52,2025-03-28 13:59:02,4,2,5,4
318,1,COMPLETED,2025-01-04 18:13:58,2025-01-04 18:14:57,31,3,8,34
319,1,RUNNING,2025-01-13 16:28:06,2025-01-13 16:29:09,21,2,7,23
320,14,CANCELLED,2025-07-17 14:36:07,2025-07-17 14:37:21,24,2,5,57
321,12,CANCELLED,2025-07-29 09:24:17,2025-07-29 09:29:22,54,1,5,1
322,1,FAILED,2025-01-07 19:45:43,2025-01-07 19:47:02,80,3,7,22
323,10,COMPLETED,2025-07-06 11:36:33,2025-07-06 11:42:44,55,1,2,84
324,15,PENDING,2025-08-07 13:38:40,2025-08-07 13:39:00,78,4,6,90
325,3,RUNNING,2025-02-17 13:37:07,2025-02-17 13:44:09,28,3,1,14
326,5,PENDING,2025-01-27 05:00:45,2025-01-27 05:04:09,93,3,3,37
327,11,COMPLETED,2025-06-24 19:33:37,2025-06-24 19:37:01,12,1,2,41
328,13,FAILED,2025-07-28 21:10:27,2025-07-28 21:14:18,61,3,6,99
329,3,RUNNING,2025-01-31 19:14:31,2025-01-31 19:21:13,37,2,7,67
330,9,CANCELLED,2025-04-29 19:32:40,2025-04-29 19:36:55,32,3,6,85
331,3,RUNNING,2025-02-08 00:00:13,2025-02-08 00:07:07,66,2,1,71
332,1,CANCELLED,2025-01-11 11:03:23,2025-01-11 11:07:07,35,1,6,3
333,13,FAILED,2025-08-14 13:03:31,2025-08-14 13:11:30,82,4,4,51
334,10,COMPLETED,2025-07-05 01:50:00,2025-07-05 01:50:44,86,2,2,88
335,14,PENDING,2025-08-28 08:35:52,2025-08-28 08:40:26,87,2,6,32
336,1,COMPLETED,2025-01-26 00:32:19,2025-01-26 00:36:48,36,1,2,27
337,13,PENDING,2025-08-13 16:08:49,2025-08-13 16:09:27,83,1,1,80
338,12,FAILED,2025-06-27 08:13:58,2025-06-27 08:15:43,98,3,5,18
339,14,RUNNING,2025-08-01 04:52:36,2025-08-01 04:53:05,73,2,4,30
340,14,CANCELLED,2025-07-19 10:58:49,2025-07-19 11:06:15,94,4,5,20
341,6,RUNNING,2025-03-21 13:37:48,2025-03-21 13:37:58,65,2,6,19
342,15,CANCELLED,2025-08-13 12:15:40,2025-08-13 12:20:50,17,2,8,82
343,8,COMPLETED,2025-04-06 02:28:52,2025-04-06 02:36:18,5,3,7,6
344,5,PENDING,2025-03-20 18:44:20,2025-03-20 18:48:21,76,3,4,36
345,3,FAILED,2025-02-04 07:57:17,2025-02-04 07:58:08,27,3,8,72
346,6,CANCELLED,2025-03-25 14:21:39,2025-03-25 14:22:37,47,3,3,39
347,14,FAILED,2025-08-03 23:10:59,2025-08-03 23:11:19,34,2,7,56
348,5,COMPLETED,2025-03-26 21:12:18,2025-03-26 21:14:14,60,1,3,77
349,5,PENDING,2025-03-28 02:34:30,2025-03-28 02:39:56,15,3,4,16
350,2,RUNNING,2025-02-12 23:36:37,2025-02-12 23:41:41,19,1,1,17
351,2,PENDING,2025-01-04 20:05:57,2025-01-04 20:06:11,95,3,3,63
352,7,COMPLETED,2025-03-21 06:29:31,2025-03-21 06:31:27,52,1,5,28
353,8,FAILED,2025-05-19 12:26:43,2025-05-19 12:30:55,74,4,2,76
354,11,RUNNING,2025-05-10 16:05:37,2025-05-10 16:08:36,57,1,5,35
355,6,CANCELLED,2025-04-14 18:54:55,2025-04-14 18:57:50,62,3,7,50
356,1,CANCELLED,2025-01-03 12:28:29,2025-01-03 12:30:30,1,1,7,52
357,2,COMPLETED,2025-01-18 11:17:35,2025-01-18 11:24:33,46,2,2,58
358,3,PENDING,2025-03-01 00:38:51,2025-03-01 00:38:51,33,2,6,59
359,4,FAILED,2025-03-04 23:19:08,2025-03-04 23:25:43,53,1,3,68
360,9,RUNNING,2025-04-27 09:31:05,2025-04-27 09:37:22,38,3,8,49
361,8,PENDING,2025-05-23 18:23:15,2025-05-23 18:26:51,58,3,4,9
362,2,RUNNING,2025-01-12 19:56:03,2025-01-12 19:59:55,92,1,1,86
363,8,CANCELLED,2025-03-22 13:57:11,2025-03-22 13:59:36,89,2,3,78
364,8,FAILED,2025-06-13 23:06:44,2025-06-13 23:12:11,69,3,2,81
365,9,COMPLETED,2025-05-02 05:22:45,2025-05-02 05:30:14,10,4,3,15
366,2,COMPLETED,2025-02-18 16:35:30,2025-02-18 16:37:08,71,2,7,97
367,10,PENDING,2025-07-02 19:04:11,2025-07-02 19:06:05,51,4,2,64
368,1,FAILED,2025-01-28 18:16:27,2025-01-28 18:17:58,7,1,5,43
369,2,RUNNING,2025-02-10 04:41:37,2025-02-10 04:42:03,30,1,2,8
370,6,CANCELLED,2025-05-28 22:19:02,2025-05-28 22:23:48,70,3,6,70
371,14,CANCELLED,2025-08-21 01:34:53,2025-08-21 01:41:11,16,3,8,94
372,11,COMPLETED,2025-07-13 22:48:37,2025-07-13 22:53:09,50,2,4,48
373,8,PENDING,2025-04-05 12:15:41,2025-04-05 12:19:53,29,3,3,79
374,5,FAILED,2025-03-03 16:45:25,2025-03-03 16:50:22,63,2,7,24
375,8,RUNNING,2025-04-18 16:26:25,2025-04-18 16:26:41,9,1,5,7
376,9,CANCELLED,2025-04-12 09:31:20,2025-04-12 09:34:48,25,4,2,10
377,14,COMPLETED,2025-08-18 19:02:15,2025-08-18 19:07:45,88,2,5,61
378,12,PENDING,2025-07-04 07:57:08,2025-07-04 08:02:31,18,4,6,44
379,12,FAILED,2025-06-16 23:44:18,2025-06-16 23:46:01,6,4,6,55
380,7,RUNNING,2025-04-13 02:33:11,2025-04-13 02:39:42,11,1,7,92
381,7,RUNNING,2025-03-13 11:33:20,2025-03-13 11:37:34,67,2,6,69
382,12,FAILED,2025-06-23 02:14:08,2025-06-23 02:16:34,3,3,8,12
383,6,CANCELLED,2025-02-19 04:56:15,2025-02-19 04:58:54,91,1,1,11
384,15,PENDING,2025-08-26 15:52:14,2025-08-26 16:00:08,75,1,5,26
385,10,COMPLETED,2025-04-10 19:32:10,2025-04-10 19:39:52,100,3,8,73
386,2,CANCELLED,2025-02-13 06:14:06,2025-02-13 06:16:22,20,2,4,31
387,5,PENDING,2025-01-29 14:00:49,2025-01-29 14:03:36,77,2,3,29
388,2,COMPLETED,2025-02-17 03:44:47,2025-02-17 03:48:02,99,1,1,91
389,12,FAILED,2025-07-06 01:28:04,2025-07-06 01:31:51,72,3,4,45
390,12,RUNNING,2025-06-29 22:49:20,2025-06-29 22:56:45,49,3,7,46
391,14,PENDING,2025-08-14 16:28:57,2025-08-14 16:36:06,45,1,4,75
392,2,COMPLETED,2025-01-31 18:53:47,2025-01-31 18:56:18,41,2,1,89
393,10,RUNNING,2025-06-03 12:34:40,2025-06-03 12:35:00,97,3,3,21
394,15,CANCELLED,2025-08-17 09:24:44,2025-08-17 09:30:59,43,3,2,54
395,3,FAILED,2025-03-05 02:19:43,2025-03-05 02:21:52,90,3,5,38
396,8,CANCELLED,2025-04-17 10:08:54,2025-04-17 10:10:31,13,1,6,40
397,11,COMPLETED,2025-06-15 08:14:30,2025-06-15 08:20:35,85,3,6,65
398,7,PENDING,2025-05-09 05:09:40,2025-05-09 05:12:18,40,1,5,53
399,8,FAILED,2025-05-08 07:18:16,2025-05-08 07:22:26,2,4,4,98
400,12,RUNNING,2025-07-01 23:36:46,2025-07-01 23:41:53,42,2,7,47
401,11,CANCELLED,2025-07-06 04:36:33,2025-07-06 04:43:12,29,4,3,3
402,13,FAILED,2025-06-08 23:15:58,2025-06-08 23:20:41,22,3,4,92
403,9,PENDING,2025-07-02 16:26:44,2025-07-02 16:30:23,45,1,1,1
404,5,COMPLETED,2025-05-04 19:41:23,2025-05-04 19:42:45,13,2,3,32
405,15,RUNNING,2025-08-24 05:57:00,2025-08-24 05:58:17,79,2,2,48
406,4,PENDING,2025-02-28 10:36:49,2025-02-28 10:43:16,42,1,3,35
407,1,FAILED,2025-01-05 09:34:54,2025-01-05 09:42:10,35,2,2,10
408,13,RUNNING,2025-07-02 16:08:56,2025-07-02 16:16:46,78,2,7,96
409,6,CANCELLED,2025-02-02 08:59:24,2025-02-02 09:01:44,41,3,6,83
410,15,COMPLETED,2025-08-31 17:32:39,2025-08-31 17:39:23,95,2,7,46
411,3,CANCELLED,2025-01-21 14:28:51,2025-01-21 14:33:27,62,4,5,80
412,15,COMPLETED,2025-08-11 13:19:05,2025-08-11 13:24:59,76,3,5,6
413,9,PENDING,2025-06-05 05:34:46,2025-06-05 05:41:57,52,3,8,51
414,4,FAILED,2025-03-13 22:57:52,2025-03-13 23:05:51,94,1,8,28
415,6,RUNNING,2025-03-29 11:29:20,2025-03-29 11:37:05,33,2,1,8
416,14,FAILED,2025-07-30 03:42:07,2025-07-30 03:42:27,21,2,2,97
417,1,RUNNING,2025-02-10 16:58:52,2025-02-10 17:05:35,73,4,7,59
418,5,CANCELLED,2025-02-10 19:53:52,2025-02-10 19:58:38,49,1,6,41
419,6,PENDING,2025-03-22 20:20:43,2025-03-22 20:23:51,10,2,8,53
420,5,COMPLETED,2025-03-10 06:41:59,2025-03-10 06:45:22,39,1,4,25
421,6,PENDING,2025-03-20 20:36:48,2025-03-20 20:44:41,40,1,3,17
422,9,FAILED,2025-06-26 19:01:16,2025-06-26 19:03:43,34,2,4,69
423,9,RUNNING,2025-03-22 21:09:32,2025-03-22 21:10:43,86,3,2,52
424,10,CANCELLED,2025-05-24 17:31:40,2025-05-24 17:32:06,14,1,3,16
425,6,COMPLETED,2025-04-01 23:21:26,2025-04-01 23:22:27,68,1,5,76
426,4,RUNNING,2025-03-08 14:01:57,2025-03-08 14:02:25,27,3,8,21
427,7,FAILED,2025-07-03 08:17:01,2025-07-03 08:21:46,50,2,7,94
428,14,CANCELLED,2025-08-19 19:06:19,2025-08-19 19:13:06,12,2,5,99
429,10,PENDING,2025-06-16 19:28:40,2025-06-16 19:32:38,64,1,2,45
430,5,COMPLETED,2025-02-25 15:38:33,2025-02-25 15:44:28,4,3,4,40
431,1,CANCELLED,2025-01-26 18:34:09,2025-01-26 18:36:57,48,3,7,20
432,9,PENDING,2025-07-21 10:12:12,2025-07-21 10:14:31,15,3,6,61
433,5,COMPLETED,2025-04-28 15:18:34,2025-04-28 15:20:59,23,1,6,66
434,7,FAILED,2025-05-29 04:57:09,2025-05-29 05:03:16,25,2,6,70
435,5,RUNNING,2025-03-15 02:10:40,2025-03-15 02:18:02,61,3,1,54
436,13,FAILED,2025-08-12 00:55:41,2025-08-12 01:00:53,11,4,4,95
437,14,PENDING,2025-08-05 04:43:56,2025-08-05 04:45:56,44,2,1,65
438,5,COMPLETED,2025-04-11 12:11:14,2025-04-11 12:12:24,47,4,7,84
439,15,RUNNING,2025-08-11 09:02:18,2025-08-11 09:06:20,18,1,3,62
440,9,CANCELLED,2025-05-12 23:06:44,2025-05-12 23:08:17,67,1,5,18
441,2,FAILED,2025-01-08 09:50:25,2025-01-08 09:52:27,38,3,2,98
442,7,RUNNING,2025-07-04 07:28:54,2025-07-04 07:30:49,90,3,8,60
443,11,CANCELLED,2025-05-26 03:02:44,2025-05-26 03:08:08,70,2,3,24
444,11,PENDING,2025-06-21 18:59:52,2025-06-21 19:02:49,74,3,6,31
445,5,COMPLETED,2025-02-22 02:37:21,2025-02-22 02:38:17,71,2,4,14
446,8,COMPLETED,2025-05-21 09:01:07,2025-05-21 09:02:47,6,1,2,33
447,9,PENDING,2025-06-28 15:25:39,2025-06-28 15:29:36,65,2,8,36
448,2,FAILED,2025-02-04 18:21:56,2025-02-04 18:22:18,37,2,5,81
449,3,RUNNING,2025-02-19 15:05:43,2025-02-19 15:12:05,5,4,7,75
450,8,CANCELLED,2025-04-01 03:47:15,2025-04-01 03:47:58,88,2,1,68
451,14,CANCELLED,2025-08-14 00:53:19,2025-08-14 00:58:18,63,2,7,19
452,14,FAILED,2025-08-19 04:33:56,2025-08-19 04:38:43,32,3,1,77
453,6,PENDING,2025-04-02 16:29:39,2025-04-02 16:30:46,81,4,4,27
454,15,COMPLETED,2025-08-23 18:02:16,2025-08-23 18:06:34,66,2,7,87
455,13,RUNNING,2025-08-10 12:18:49,2025-08-10 12:19:34,80,1,6,88
456,5,PENDING,2025-03-16 10:22:13,2025-03-16 10:29:06,30,2,8,15
457,12,RUNNING,2025-06-12 23:38:12,2025-06-12 23:42:18,2,1,4,78
458,13,CANCELLED,2025-07-31 11:32:00,2025-07-31 11:33:49,75,2,3,13
459,2,FAILED,2025-01-28 17:21:48,2025-01-28 17:25:01,36,1,2,67
460,1,COMPLETED,2025-01-31 05:04:20,2025-01-31 05:07:27,98,4,6,39
461,7,FAILED,2025-06-17 12:25:43,2025-06-17 12:29:54,17,2,7,89
462,4,COMPLETED,2025-02-04 00:01:28,2025-02-04 00:08:39,46,4,5,30
463,6,PENDING,2025-03-11 07:49:00,2025-03-11 07:50:27,69,3,6,71
464,8,RUNNING,2025-03-20 10:10:11,2025-03-20 10:17:53,19,1,4,5
465,14,CANCELLED,2025-07-29 13:09:28,2025-07-29 13:13:25,97,3,4,47
466,7,CANCELLED,2025-04-06 18:15:04,2025-04-06 18:20:24,56,3,6,23
467,12,PENDING,2025-07-08 00:42:01,2025-07-08 00:47:59,1,4,3,56
468,9,COMPLETED,2025-03-29 08:42:52,2025-03-29 08:45:40,91,4,2,63
469,12,RUNNING,2025-07-07 05:54:00,2025-07-07 05:56:14,84,1,2,34
470,10,FAILED,2025-05-05 09:38:39,2025-05-05 09:45:58,87,3,8,55
471,12,PENDING,2025-04-25 08:16:35,2025-04-25 08:21:52,59,1,3,29
472,3,FAILED,2025-01-21 16:58:27,2025-01-21 17:00:56,43,4,5,37
473,7,RUNNING,2025-04-19 13:07:23,2025-04-19 13:14:25,9,2,2,44
474,15,CANCELLED,2025-08-08 22:21:50,2025-08-08 22:23:27,96,3,1,9
475,9,COMPLETED,2025-03-29 18:17:01,2025-03-29 18:20:39,92,2,3,86
476,7,PENDING,2025-03-29 13:08:06,2025-03-29 13:12:29,26,1,5,58
477,8,FAILED,2025-03-31 17:31:16,2025-03-31 17:32:13,57,3,7,73
478,7,RUNNING,2025-03-22 08:34:13,2025-03-22 08:38:32,89,2,1,4
479,13,CANCELLED,2025-07-27 23:30:53,2025-07-27 23:36:56,53,1,8,49
480,15,COMPLETED,2025-08-21 05:27:31,2025-08-21 05:33:28,72,3,5,93
481,11,PENDING,2025-05-03 18:06:56,2025-05-03 18:13:26,54,2,4,82
482,12,RUNNING,2025-05-31 14:01:19,2025-05-31 14:01:56,20,1,2,85
483,2,CANCELLED,2025-01-22 21:06:45,2025-01-22 21:10:07,83,2,8,74
484,13,FAILED,2025-06-02 22:53:20,2025-06-02 22:58:13,7,3,5,57
485,9,COMPLETED,2025-07-01 11:47:39,2025-07-01 11:55:32,55,2,5,64
486,14,COMPLETED,2025-08-22 04:13:15,2025-08-22 04:15:56,51,3,6,42
487,3,RUNNING,2025-04-14 19:26:53,2025-04-14 19:33:55,31,1,7,100
488,7,CANCELLED,2025-05-06 03:20:32,2025-05-06 03:23:24,58,3,2,11
489,2,FAILED,2025-02-03 03:27:40,2025-02-03 03:33:19,28,1,1,43
490,6,PENDING,2025-03-11 00:20:34,2025-03-11 00:22:12,85,3,7,7
491,5,PENDING,2025-03-23 13:19:12,2025-03-23 13:20:14,100,2,7,91
492,15,FAILED,2025-08-08 03:57:59,2025-08-08 04:00:34,82,3,1,22
493,15,RUNNING,2025-09-01 00:30:59,2025-09-01 00:34:56,16,3,2,50
494,6,CANCELLED,2025-04-17 21:02:10,2025-04-17 21:02:23,8,1,2,26
495,15,COMPLETED,2025-08-21 01:41:32,2025-08-21 01:49:17,77,4,7,2
496,4,PENDING,2025-02-15 01:00:59,2025-02-15 01:05:37,60,4,6,79
497,1,FAILED,2025-01-31 04:46:27,2025-01-31 04:46:36,24,2,3,38
498,7,RUNNING,2025-04-22 05:29:31,2025-04-22 05:32:26,93,2,3,90
499,1,CANCELLED,2025-02-17 07:09:53,2025-02-17 07:13:42,3,4,6,12
500,1,COMPLETED,2025-01-09 22:15:50,2025-01-09 22:18:42,99,1,4,72
501,15,CANCELLED,2025-08-29 15:38:58,2025-08-29 15:41:11,4,2,3,72
502,11,PENDING,2025-06-17 22:33:58,2025-06-17 22:37:41,80,1,8,14
503,6,COMPLETED,2025-03-31 12:23:36,2025-03-31 12:31:33,20,2,5,98
504,5,FAILED,2025-02-28 00:46:11,2025-02-28 00:47:24,55,3,6,62
505,15,RUNNING,2025-08-31 11:38:36,2025-08-31 11:43:38,96,1,1,16
506,5,PENDING,2025-05-17 23:19:32,2025-05-17 23:26:57,36,3,5,94
507,13,RUNNING,2025-07-28 13:44:44,2025-07-28 13:52:28,14,2,4,42
508,6,CANCELLED,2025-03-08 17:44:45,2025-03-08 17:45:52,64,4,4,49
509,12,FAILED,2025-07-10 09:31:49,2025-07-10 09:37:37,51,1,8,91
510,5,COMPLETED,2025-03-16 09:58:45,2025-03-16 10:03:08,37,1,3,48
511,12,PENDING,2025-06-06 16:52:22,2025-06-06 16:59:32,100,1,2,27
512,1,COMPLETED,2025-01-12 21:31:04,2025-01-12 21:33:00,40,4,2,99
513,1,RUNNING,2025-02-16 14:20:05,2025-02-16 14:25:46,63,4,6,60
514,1,FAILED,2025-01-09 03:57:37,2025-01-09 04:01:00,11,2,5,30
515,10,CANCELLED,2025-06-19 10:07:05,2025-06-19 10:08:19,31,4,3,50
516,2,COMPLETED,2025-01-15 08:48:49,2025-01-15 08:50:01,93,3,1,23
517,2,PENDING,2025-02-26 02:27:12,2025-02-26 02:34:12,35,2,3,96
518,11,RUNNING,2025-06-18 23:49:00,2025-06-18 23:54:57,8,2,5,58
519,12,CANCELLED,2025-05-27 12:40:12,2025-05-27 12:41:32,84,3,6,24
520,6,FAILED,2025-03-29 12:31:18,2025-03-29 12:34:31,50,3,8,54
521,13,FAILED,2025-07-07 01:20:49,2025-07-07 01:28:06,79,3,8,22
522,15,RUNNING,2025-08-20 00:42:12,2025-08-20 00:42:16,52,4,2,18
523,10,CANCELLED,2025-07-27 05:46:35,2025-07-27 05:53:49,12,2,6,95
524,10,COMPLETED,2025-04-25 12:37:03,2025-04-25 12:43:42,29,2,1,74
525,15,PENDING,2025-08-30 01:32:55,2025-08-30 01:40:49,77,2,5,77
526,3,PENDING,2025-01-22 02:12:17,2025-01-22 02:20:04,65,3,6,40
527,13,FAILED,2025-08-09 21:48:57,2025-08-09 21:50:07,54,3,1,66
528,6,RUNNING,2025-03-22 22:40:57,2025-03-22 22:43:33,91,4,7,67
529,12,CANCELLED,2025-08-09 17:45:04,2025-08-09 17:46:29,60,3,4,70
530,10,COMPLETED,2025-07-04 04:32:42,2025-07-04 04:39:22,10,1,4,59
531,10,COMPLETED,2025-08-01 18:37:23,2025-08-01 18:42:22,87,1,7,32
532,14,PENDING,2025-06-12 19:19:36,2025-06-12 19:24:03,56,1,3,35
533,1,RUNNING,2025-02-03 19:13:11,2025-02-03 19:18:18,17,4,7,75
534,13,CANCELLED,2025-07-28 17:22:48,2025-07-28 17:25:03,81,1,3,64
535,9,FAILED,2025-06-08 15:23:00,2025-06-08 15:29:47,18,3,4,41
536,12,COMPLETED,2025-07-21 01:36:06,2025-07-21 01:39:16,38,1,8,84
537,4,RUNNING,2025-03-05 21:07:30,2025-03-05 21:13:36,57,1,4,6
538,1,FAILED,2025-03-04 18:19:27,2025-03-04 18:21:16,1,2,7,100
539,8,CANCELLED,2025-05-10 09:54:29,2025-05-10 09:55:16,66,2,2,31
540,4,PENDING,2025-02-20 00:30:30,2025-02-20 00:37:42,26,1,5,87
541,7,COMPLETED,2025-04-15 14:03:35,2025-04-15 14:04:27,58,2,4,37
542,1,PENDING,2025-01-05 21:42:15,2025-01-05 21:50:12,5,1,2,80
543,4,FAILED,2025-03-15 22:40:50,2025-03-15 22:43:18,33,4,2,45
544,8,RUNNING,2025-06-14 14:36:04,2025-06-14 14:39:32,23,4,2,88
545,15,CANCELLED,2025-08-27 12:05:08,2025-08-27 12:08:58,24,1,5,15
546,14,CANCELLED,2025-08-25 14:17:37,2025-08-25 14:20:44,41,2,8,39
547,4,FAILED,2025-03-02 16:07:16,2025-03-02 16:08:24,19,3,5,7
548,14,PENDING,2025-07-31 04:35:41,2025-07-31 04:41:55,39,2,7,86
549,12,COMPLETED,2025-07-01 00:28:49,2025-07-01 00:35:39,13,3,6,65
550,7,RUNNING,2025-04-03 08:24:14,2025-04-03 08:30:08,67,2,7,8
551,13,PENDING,2025-07-15 23:33:57,2025-07-15 23:34:14,83,4,4,56
552,15,RUNNING,2025-07-24 14:12:40,2025-07-24 14:19:30,28,4,7,76
553,1,CANCELLED,2025-01-17 13:13:17,2025-01-17 13:20:47,95,2,4,25
554,15,FAILED,2025-08-16 16:03:06,2025-08-16 16:08:19,73,3,3,28
555,14,COMPLETED,2025-07-06 06:42:28,2025-07-06 06:42:35,69,3,3,90
556,14,CANCELLED,2025-08-04 03:20:08,2025-08-04 03:27:26,74,3,5,89
557,7,PENDING,2025-04-15 03:38:48,2025-04-15 03:45:32,89,1,5,85
558,13,COMPLETED,2025-07-26 04:00:42,2025-07-26 04:06:24,94,3,6,11
559,11,FAILED,2025-07-16 02:30:44,2025-07-16 02:34:35,9,1,6,38
560,3,RUNNING,2025-01-24 14:35:13,2025-01-24 14:39:11,3,2,1,4
561,11,COMPLETED,2025-06-03 23:15:45,2025-06-03 23:17:09,47,1,7,79
562,6,PENDING,2025-03-05 07:15:52,2025-03-05 07:17:08,72,1,4,5
563,13,RUNNING,2025-07-27 03:57:11,2025-07-27 03:59:54,22,2,3,19
564,7,CANCELLED,2025-03-18 01:00:23,2025-03-18 01:08:20,71,3,1,73
565,6,FAILED,2025-05-04 11:31:38,2025-05-04 11:38:59,49,4,2,93
566,11,CANCELLED,2025-03-23 11:35:26,2025-03-23 11:40:28,25,1,6,29
567,2,FAILED,2025-03-13 03:19:48,2025-03-13 03:21:18,44,2,8,44
568,5,COMPLETED,2025-04-21 07:02:05,2025-04-21 07:07:00,70,1,1,21
569,1,PENDING,2025-01-31 11:01:34,2025-01-31 11:02:55,43,4,3,17
570,7,RUNNING,2025-05-21 21:52:24,2025-05-21 21:53:52,85,3,8,9
571,10,PENDING,2025-05-29 10:01:35,2025-05-29 10:03:57,88,2,8,78
572,14,RUNNING,2025-08-09 16:11:55,2025-08-09 16:15:32,82,1,8,43
573,7,CANCELLED,2025-05-06 05:49:27,2025-05-06 05:55:52,62,3,1,26
574,4,FAILED,2025-05-01 18:54:32,2025-05-01 18:59:02,34,3,2,61
575,6,COMPLETED,2025-05-19 02:54:06,2025-05-19 03:01:57,6,2,7,81
576,9,RUNNING,2025-05-16 10:44:37,2025-05-16 10:45:15,32,3,6,2
577,3,CANCELLED,2025-01-16 08:11:29,2025-01-16 08:12:19,2,3,8,3
578,7,COMPLETED,2025-05-02 09:52:15,2025-05-02 09:55:38,59,1,4,46
579,7,PENDING,2025-04-14 05:56:50,2025-04-14 06:02:02,76,4,4,20
580,11,FAILED,2025-07-10 01:55:15,2025-07-10 01:59:02,75,1,1,36
581,7,RUNNING,2025-06-11 16:32:40,2025-06-11 16:38:28,99,1,3,1
582,2,CANCELLED,2025-01-26 22:03:21,2025-01-26 22:04:39,97,4,2,47
583,7,FAILED,2025-04-11 02:29:49,2025-04-11 02:37:40,42,2,5,55
584,2,PENDING,2025-01-22 00:29:48,2025-01-22 00:32:05,27,3,6,83
585,3,COMPLETED,2025-02-07 03:28:07,2025-02-07 03:35:27,86,3,6,68
586,3,FAILED,2025-01-28 23:20:25,2025-01-28 23:22:19,98,4,5,33
587,5,PENDING,2025-02-19 12:22:27,2025-02-19 12:28:02,46,2,4,10
588,7,COMPLETED,2025-04-06 15:28:09,2025-04-06 15:34:55,30,4,7,71
589,5,RUNNING,2025-03-18 14:29:51,2025-03-18 14:36:05,45,1,3,92
590,1,CANCELLED,2025-01-25 11:39:17,2025-01-25 11:47:13,16,2,4,13
591,8,COMPLETED,2025-05-23 14:26:32,2025-05-23 14:29:31,7,1,1,69
592,4,PENDING,2025-03-03 19:45:53,2025-03-03 19:53:11,15,1,3,82
593,7,RUNNING,2025-05-10 20:56:18,2025-05-10 20:58:56,90,1,2,97
594,10,CANCELLED,2025-05-24 15:14:57,2025-05-24 15:22:15,61,2,3,57
595,1,FAILED,2025-01-05 10:17:06,2025-01-05 10:23:02,68,2,2,51
596,15,PENDING,2025-08-30 07:30:48,2025-08-30 07:34:40,48,3,7,63
597,11,FAILED,2025-06-20 16:05:19,2025-06-20 16:07:36,53,3,6,34
598,11,RUNNING,2025-07-02 14:10:35,2025-07-02 14:11:43,21,2,7,53
599,2,CANCELLED,2025-01-07 11:24:31,2025-01-07 11:31:19,78,4,5,52
600,10,COMPLETED,2025-05-10 10:24:43,2025-05-10 10:24:56,92,4,5,12
601,4,PENDING,2025-03-05 10:08:50,2025-03-05 10:14:05,62,1,2,56
602,10,RUNNING,2025-05-06 21:20:18,2025-05-06 21:26:16,40,2,6,7
603,1,CANCELLED,2025-02-09 16:38:48,2025-02-09 16:39:46,91,3,7,95
604,9,FAILED,2025-06-21 14:09:16,2025-06-21 14:13:30,8,2,6,62
605,10,COMPLETED,2025-05-25 01:45:21,2025-05-25 01:47:20,38,4,4,33
606,8,CANCELLED,2025-05-30 09:57:27,2025-05-30 09:57:55,29,3,8,70
607,8,PENDING,2025-03-27 09:48:03,2025-03-27 09:55:56,65,2,1,4
608,8,COMPLETED,2025-03-31 05:16:49,2025-03-31 05:21:49,44,3,3,82
609,11,FAILED,2025-07-29 18:19:22,2025-07-29 18:25:19,30,2,3,59
610,14,RUNNING,2025-08-04 21:37:10,2025-08-04 21:44:12,96,3,4,34
611,6,PENDING,2025-04-04 11:37:41,2025-04-04 11:42:58,59,1,7,72
612,5,COMPLETED,2025-02-23 09:22:58,2025-02-23 09:29:10,46,1,6,87
613,6,RUNNING,2025-05-14 17:57:37,2025-05-14 17:59:00,15,2,8,32
614,6,CANCELLED,2025-04-28 20:24:36,2025-04-28 20:25:03,45,4,4,21
615,15,FAILED,2025-08-30 11:23:07,2025-08-30 11:27:36,42,1,1,11
616,10,COMPLETED,2025-07-12 22:30:36,2025-07-12 22:31:52,66,1,4,38
617,5,PENDING,2025-02-03 12:38:16,2025-02-03 12:45:43,55,2,2,63
618,12,RUNNING,2025-08-11 20:47:48,2025-08-11 20:54:06,98,2,3,23
619,3,CANCELLED,2025-03-11 13:14:42,2025-03-11 13:19:31,81,4,5,88
620,15,FAILED,2025-08-25 00:23:09,2025-08-25 00:29:38,2,2,2,10
621,3,CANCELLED,2025-03-01 00:28:02,2025-03-01 00:28:57,24,1,5,42
622,3,FAILED,2025-02-23 01:50:47,2025-02-23 01:52:08,23,3,8,15
623,7,PENDING,2025-05-31 22:03:24,2025-05-31 22:11:23,16,1,7,61
624,14,COMPLETED,2025-07-11 08:55:25,2025-07-11 09:00:19,99,4,5,27
625,15,RUNNING,2025-08-03 04:34:51,2025-08-03 04:37:59,74,3,5,12
626,7,RUNNING,2025-04-12 22:57:12,2025-04-12 23:00:06,54,4,7,54
627,10,CANCELLED,2025-07-01 14:21:22,2025-07-01 14:25:30,10,1,2,26
628,8,COMPLETED,2025-07-01 01:59:03,2025-07-01 02:02:33,92,3,6,64
629,5,PENDING,2025-03-31 02:10:23,2025-03-31 02:11:41,93,1,1,76
630,12,FAILED,2025-06-21 07:01:31,2025-06-21 07:09:05,39,3,3,90
631,15,PENDING,2025-09-01 11:13:27,2025-09-01 11:13:33,22,3,4,37
632,13,RUNNING,2025-08-04 00:23:27,2025-08-04 00:26:38,12,1,8,31
633,11,CANCELLED,2025-06-22 15:36:14,2025-06-22 15:44:12,41,1,3,45
634,4,FAILED,2025-02-28 06:06:24,2025-02-28 06:06:46,90,4,5,5
635,12,COMPLETED,2025-08-08 00:52:19,2025-08-08 00:55:35,13,4,4,80
636,3,COMPLETED,2025-03-19 06:24:50,2025-03-19 06:32:04,52,2,4,97
637,15,PENDING,2025-08-28 07:39:58,2025-08-28 07:45:49,89,2,1,51
638,6,RUNNING,2025-03-20 15:57:17,2025-03-20 16:05:03,85,1,2,22
639,4,CANCELLED,2025-01-22 02:59:56,2025-01-22 03:04:27,4,3,2,2
640,13,FAILED,2025-06-20 11:05:36,2025-06-20 11:13:07,95,2,5,39
641,11,FAILED,2025-07-29 08:31:09,2025-07-29 08:36:13,37,2,6,68
642,3,RUNNING,2025-02-03 16:45:50,2025-02-03 16:49:25,84,3,4,69
643,15,CANCELLED,2025-07-24 08:29:46,2025-07-24 08:34:49,77,4,3,79
644,15,PENDING,2025-06-11 16:30:52,2025-06-11 16:33:01,69,3,6,29
645,9,COMPLETED,2025-06-25 23:33:48,2025-06-25 23:38:58,71,2,6,17
646,12,CANCELLED,2025-06-21 10:17:33,2025-06-21 10:22:18,32,1,3,49
647,2,FAILED,2025-01-30 11:46:35,2025-01-30 11:54:03,73,3,2,30
648,11,COMPLETED,2025-04-06 15:22:18,2025-04-06 15:24:15,47,1,5,52
649,2,PENDING,2025-01-11 17:04:43,2025-01-11 17:07:15,87,1,6,57
650,5,RUNNING,2025-05-04 19:09:35,2025-05-04 19:15:39,1,3,7,43
651,5,COMPLETED,2025-03-24 20:27:23,2025-03-24 20:32:24,35,1,2,47
652,1,RUNNING,2025-01-09 03:55:05,2025-01-09 04:00:17,25,2,8,84
653,15,FAILED,2025-08-20 02:15:22,2025-08-20 02:17:40,88,3,1,86
654,1,CANCELLED,2025-01-16 22:22:29,2025-01-16 22:24:28,60,2,5,74
655,1,PENDING,2025-01-06 01:55:42,2025-01-06 01:56:53,70,1,1,14
656,4,CANCELLED,2025-03-14 05:33:26,2025-03-14 05:36:34,76,2,3,92
657,10,FAILED,2025-07-14 01:46:33,2025-07-14 01:47:49,79,4,7,1
658,10,PENDING,2025-07-05 14:19:38,2025-07-05 14:24:25,14,3,8,89
659,3,COMPLETED,2025-04-03 15:56:07,2025-04-03 16:00:35,63,4,7,81
660,1,RUNNING,2025-01-13 08:06:13,2025-01-13 08:08:27,80,2,7,66
661,11,PENDING,2025-06-14 00:52:43,2025-06-14 00:58:43,86,1,8,99
662,11,RUNNING,2025-07-19 11:30:06,2025-07-19 11:32:31,83,3,2,60
663,10,CANCELLED,2025-06-29 20:59:22,2025-06-29 21:02:19,100,3,4,8
664,3,FAILED,2025-02-02 08:39:33,2025-02-02 08:47:04,48,2,7,53
665,12,COMPLETED,2025-06-28 02:55:24,2025-06-28 02:57:49,20,3,4,20
666,4,CANCELLED,2025-03-06 09:54:06,2025-03-06 10:02:03,97,3,4,67
667,14,COMPLETED,2025-08-21 08:40:56,2025-08-21 08:42:32,56,1,2,25
668,8,PENDING,2025-04-29 17:16:48,2025-04-29 17:19:58,17,4,6,71
669,10,FAILED,2025-07-08 13:12:27,2025-07-08 13:13:22,28,1,8,36
670,14,RUNNING,2025-06-25 23:40:38,2025-06-25 23:43:59,34,1,5,78
671,12,CANCELLED,2025-06-20 13:17:38,2025-06-20 13:23:13,19,3,1,83
672,7,PENDING,2025-03-16 08:13:47,2025-03-16 08:16:18,21,2,2,24
673,12,COMPLETED,2025-07-03 07:45:27,2025-07-03 07:52:18,6,3,6,73
674,2,FAILED,2025-01-10 21:36:13,2025-01-10 21:39:19,61,3,3,65
675,2,RUNNING,2025-01-04 15:29:12,2025-01-04 15:34:16,94,4,7,40
676,5,PENDING,2025-03-08 15:48:55,2025-03-08 15:53:00,68,2,5,46
677,7,COMPLETED,2025-05-04 18:23:36,2025-05-04 18:25:56,43,4,4,48
678,12,RUNNING,2025-08-03 20:19:20,2025-08-03 20:24:34,49,1,8,93
679,12,CANCELLED,2025-07-17 12:22:12,2025-07-17 12:25:13,33,2,3,19
680,2,FAILED,2025-01-28 04:05:09,2025-01-28 04:06:57,31,1,3,85
681,5,FAILED,2025-03-25 02:39:42,2025-03-25 02:41:56,9,1,6,6
682,12,RUNNING,2025-07-07 11:34:30,2025-07-07 11:35:02,53,1,2,77
683,10,CANCELLED,2025-06-19 08:06:34,2025-06-19 08:14:09,67,2,7,100
684,6,COMPLETED,2025-04-15 19:31:46,2025-04-15 19:34:56,82,2,1,44
685,1,PENDING,2025-01-18 14:00:27,2025-01-18 14:02:18,50,3,3,35
686,9,FAILED,2025-04-29 06:59:53,2025-04-29 07:00:58,36,3,1,55
687,9,COMPLETED,2025-05-20 17:50:51,2025-05-20 17:53:45,58,2,5,58
688,13,PENDING,2025-08-19 08:35:12,2025-08-19 08:36:14,78,4,7,94
689,5,RUNNING,2025-03-15 06:10:00,2025-03-15 06:10:21,57,4,5,28
690,10,CANCELLED,2025-06-16 17:24:33,2025-06-16 17:32:08,3,2,6,9
691,10,PENDING,2025-05-28 03:06:15,2025-05-28 03:06:21,64,4,2,75
692,7,COMPLETED,2025-03-31 13:22:53,2025-03-31 13:28:25,51,3,8,98
693,3,FAILED,2025-02-05 10:09:00,2025-02-05 10:11:52,5,1,5,13
694,2,RUNNING,2025-01-28 15:47:49,2025-01-28 15:53:56,11,2,7,18
695,12,CANCELLED,2025-06-30 17:34:10,2025-06-30 17:41:49,7,3,1,96
696,14,PENDING,2025-08-29 11:56:54,2025-08-29 12:03:44,27,2,3,16
697,11,RUNNING,2025-06-08 01:27:50,2025-06-08 01:35:32,18,4,4,91
698,6,CANCELLED,2025-05-04 21:16:04,2025-05-04 21:19:49,26,3,2,3
699,7,FAILED,2025-04-01 17:41:33,2025-04-01 17:46:35,75,2,3,41
700,7,COMPLETED,2025-04-25 19:14:50,2025-04-25 19:15:16,72,3,5,50
701,5,COMPLETED,2025-03-15 22:24:11,2025-03-15 22:24:20,56,2,8,39
702,5,PENDING,2025-04-04 09:30:24,2025-04-04 09:38:21,42,3,7,44
703,13,RUNNING,2025-06-11 23:10:24,2025-06-11 23:11:27,11,1,5,85
704,9,CANCELLED,2025-05-25 09:56:35,2025-05-25 09:59:09,99,1,2,65
705,13,FAILED,2025-08-27 13:01:39,2025-08-27 13:04:39,15,2,4,60
706,7,RUNNING,2025-04-02 22:24:39,2025-04-02 22:30:28,26,4,7,6
707,1,CANCELLED,2025-01-13 20:03:43,2025-01-13 20:10:25,86,1,6,11
708,8,FAILED,2025-06-28 02:18:25,2025-06-28 02:23:41,97,1,6,84
709,6,PENDING,2025-02-03 09:32:50,2025-02-03 09:33:08,74,2,6,29
710,8,COMPLETED,2025-06-24 23:21:52,2025-06-24 23:27:24,58,2,1,89
711,10,PENDING,2025-06-19 22:48:35,2025-06-19 22:51:44,39,4,4,53
712,2,RUNNING,2025-01-21 08:03:25,2025-01-21 08:03:49,14,2,1,36
713,11,CANCELLED,2025-07-09 16:10:30,2025-07-09 16:15:11,3,1,7,88
714,4,FAILED,2025-02-02 11:51:29,2025-02-02 11:52:10,61,3,3,80
715,14,COMPLETED,2025-07-07 06:57:42,2025-07-07 07:01:05,54,1,5,52
716,1,RUNNING,2025-03-06 09:38:42,2025-03-06 09:45:22,89,4,2,64
717,6,FAILED,2025-03-21 03:29:51,2025-03-21 03:35:47,32,3,8,46
718,15,CANCELLED,2025-08-27 11:58:38,2025-08-27 12:04:18,41,4,3,8
719,10,PENDING,2025-05-30 09:13:30,2025-05-30 09:21:28,44,1,6,97
720,8,COMPLETED,2025-05-06 16:56:19,2025-05-06 16:56:46,48,3,4,77
721,12,FAILED,2025-07-12 12:54:58,2025-07-12 13:00:06,69,3,7,54
722,7,RUNNING,2025-05-16 18:19:00,2025-05-16 18:19:09,35,2,8,99
723,7,CANCELLED,2025-03-14 00:28:36,2025-03-14 00:31:00,20,1,2,2
724,4,COMPLETED,2025-02-26 13:35:19,2025-02-26 13:35:51,95,3,3,25
725,7,PENDING,2025-05-07 23:34:03,2025-05-07 23:39:41,90,1,5,59
726,2,PENDING,2025-01-15 14:14:33,2025-01-15 14:19:10,36,1,7,4
727,7,COMPLETED,2025-03-23 04:32:05,2025-03-23 04:36:34,24,4,2,22
728,6,RUNNING,2025-04-30 19:32:49,2025-04-30 19:35:51,65,4,4,9
729,6,CANCELLED,2025-07-01 00:10:23,2025-07-01 00:17:03,13,3,6,95
730,1,FAILED,2025-01-14 04:20:13,2025-01-14 04:23:42,76,3,2,70
731,15,PENDING,2025-08-15 07:16:06,2025-08-15 07:20:15,30,4,4,57
732,13,COMPLETED,2025-07-13 16:31:35,2025-07-13 16:32:29,38,4,5,73
733,2,FAILED,2025-01-30 20:17:31,2025-01-30 20:24:21,72,2,5,1
734,4,RUNNING,2025-02-27 13:17:04,2025-02-27 13:18:23,51,4,6,13
735,1,CANCELLED,2025-01-25 16:30:21,2025-01-25 16:34:23,43,1,1,33
736,7,FAILED,2025-05-12 18:32:58,2025-05-12 18:32:59,31,4,6,93
737,1,COMPLETED,2025-02-02 21:26:53,2025-02-02 21:28:08,55,1,8,15
738,5,PENDING,2025-03-08 13:29:33,2025-03-08 13:36:13,29,2,4,67
739,11,RUNNING,2025-08-12 15:16:27,2025-08-12 15:21:47,5,1,4,26
740,1,CANCELLED,2025-01-06 23:25:21,2025-01-06 23:32:12,66,2,5,79
741,11,CANCELLED,2025-05-28 05:55:01,2025-05-28 05:56:09,10,2,1,55
742,8,FAILED,2025-02-20 14:36:25,2025-02-20 14:41:45,78,3,3,83
743,6,COMPLETED,2025-03-04 16:20:31,2025-03-04 16:26:12,88,3,8,14
744,8,PENDING,2025-05-15 10:12:29,2025-05-15 10:18:20,34,1,1,3
745,5,RUNNING,2025-03-30 21:31:01,2025-03-30 21:37:06,52,3,2,98
746,2,FAILED,2025-02-07 09:09:08,2025-02-07 09:15:15,73,1,7,62
747,6,COMPLETED,2025-05-18 14:05:32,2025-05-18 14:13:30,91,2,3,94
748,2,PENDING,2025-01-15 09:18:20,2025-01-15 09:19:53,79,2,3,5
749,6,RUNNING,2025-03-02 14:31:21,2025-03-02 14:32:06,77,2,7,63
750,15,CANCELLED,2025-08-01 08:47:45,2025-08-01 08:53:41,49,3,6,41
751,2,FAILED,2025-01-30 12:28:23,2025-01-30 12:35:38,23,2,5,48
752,4,RUNNING,2025-03-25 03:37:11,2025-03-25 03:42:33,92,4,2,31
753,6,CANCELLED,2025-04-08 21:04:11,2025-04-08 21:11:47,47,1,8,20
754,14,PENDING,2025-08-16 14:50:17,2025-08-16 14:51:44,70,2,3,23
755,7,COMPLETED,2025-04-23 13:09:49,2025-04-23 13:10:25,40,1,6,12
756,1,RUNNING,2025-02-07 23:43:12,2025-02-07 23:47:44,67,1,4,56
757,2,CANCELLED,2025-03-10 12:51:33,2025-03-10 12:55:46,98,4,2,32
758,1,FAILED,2025-01-18 12:59:47,2025-01-18 13:06:49,33,3,8,47
759,3,COMPLETED,2025-01-18 05:48:05,2025-01-18 05:52:31,25,3,5,19
760,15,PENDING,2025-08-31 09:34:03,2025-08-31 09:37:19,46,3,7,96
761,11,PENDING,2025-08-07 06:18:04,2025-08-07 06:20:14,85,1,1,61
762,15,RUNNING,2025-08-10 22:37:58,2025-08-10 22:45:26,68,3,3,68
763,11,CANCELLED,2025-06-21 05:10:11,2025-06-21 05:12:20,2,1,4,76
764,11,FAILED,2025-06-29 02:24:58,2025-06-29 02:30:03,37,4,2,50
765,2,COMPLETED,2025-02-05 00:57:14,2025-02-05 00:59:08,82,2,3,71
766,9,COMPLETED,2025-05-23 19:14:15,2025-05-23 19:20:03,19,4,5,42
767,14,FAILED,2025-07-28 16:47:34,2025-07-28 16:49:16,94,3,8,49
768,7,RUNNING,2025-03-29 22:59:06,2025-03-29 23:05:46,53,1,7,82
769,4,CANCELLED,2025-01-29 04:57:00,2025-01-29 05:02:35,59,2,5,58
770,14,PENDING,2025-08-03 02:44:27,2025-08-03 02:50:38,93,2,2,100
771,13,FAILED,2025-07-31 07:39:54,2025-07-31 07:47:00,57,1,4,34
772,15,COMPLETED,2025-08-20 15:33:11,2025-08-20 15:36:10,22,2,7,75
773,2,PENDING,2025-01-17 19:12:09,2025-01-17 19:17:30,87,2,6,16
774,7,RUNNING,2025-05-19 23:20:50,2025-05-19 23:28:32,63,3,6,66
775,8,CANCELLED,2025-06-12 08:12:44,2025-06-12 08:17:36,50,2,6,38
776,10,COMPLETED,2025-05-24 02:47:41,2025-05-24 02:52:52,64,1,1,92
777,10,FAILED,2025-04-28 05:37:05,2025-04-28 05:43:47,27,3,4,27
778,6,RUNNING,2025-04-15 03:35:36,2025-04-15 03:42:14,96,3,1,90
779,11,CANCELLED,2025-07-14 22:59:34,2025-07-14 23:03:44,1,1,7,17
780,5,PENDING,2025-03-01 11:40:02,2025-03-01 11:47:44,18,4,3,18
781,9,CANCELLED,2025-04-22 05:53:17,2025-04-22 05:56:16,6,1,5,78
782,12,COMPLETED,2025-08-09 02:00:48,2025-08-09 02:04:34,4,1,3,28
783,5,PENDING,2025-02-14 10:52:43,2025-02-14 10:57:43,8,2,3,86
784,14,FAILED,2025-08-29 17:55:53,2025-08-29 17:59:44,71,2,6,37
785,10,RUNNING,2025-05-08 09:45:17,2025-05-08 09:53:01,100,1,6,30
786,6,COMPLETED,2025-03-06 23:17:41,2025-03-06 23:19:53,80,1,8,24
787,4,PENDING,2025-02-07 10:48:52,2025-02-07 10:55:01,75,3,8,69
788,2,RUNNING,2025-02-04 06:38:42,2025-02-04 06:45:13,62,4,7,72
789,3,CANCELLED,2025-02-18 05:03:46,2025-02-18 05:07:53,7,2,3,91
790,9,FAILED,2025-04-19 09:59:44,2025-04-19 10:07:41,84,4,2,74
791,1,PENDING,2025-02-01 03:12:51,2025-02-01 03:19:36,12,3,7,81
792,6,FAILED,2025-04-09 05:46:24,2025-04-09 05:48:09,16,2,2,45
793,11,RUNNING,2025-05-31 18:10:00,2025-05-31 18:10:09,28,2,1,7
794,9,CANCELLED,2025-05-21 03:31:15,2025-05-21 03:31:28,9,3,2,87
795,15,COMPLETED,2025-08-13 01:35:12,2025-08-13 01:37:06,21,3,7,43
796,2,COMPLETED,2025-02-03 20:29:51,2025-02-03 20:31:04,83,3,5,21
797,10,PENDING,2025-05-20 22:11:36,2025-05-20 22:12:32,17,4,5,40
798,4,FAILED,2025-02-05 05:20:26,2025-02-05 05:22:02,81,2,4,10
799,3,RUNNING,2025-02-22 14:57:54,2025-02-22 15:00:56,60,2,4,51
800,5,CANCELLED,2025-03-09 01:02:27,2025-03-09 01:07:13,45,2,4,35
801,5,PENDING,2025-05-08 07:22:01,2025-05-08 07:27:33,25,3,4,61
802,2,FAILED,2025-01-08 07:01:25,2025-01-08 07:01:25,41,3,2,69
803,3,RUNNING,2025-01-22 15:16:35,2025-01-22 15:19:48,85,3,1,58
804,13,CANCELLED,2025-06-27 16:40:38,2025-06-27 16:40:54,1,3,6,81
805,10,COMPLETED,2025-04-03 04:11:01,2025-04-03 04:14:00,84,1,1,52
806,7,PENDING,2025-05-18 14:18:11,2025-05-18 14:26:02,61,1,7,100
807,6,COMPLETED,2025-04-20 23:02:26,2025-04-20 23:09:33,48,1,5,84
808,2,RUNNING,2025-01-14 09:25:48,2025-01-14 09:30:08,90,4,6,3
809,9,CANCELLED,2025-05-24 06:03:37,2025-05-24 06:08:57,5,1,8,91
810,9,FAILED,2025-05-21 05:16:17,2025-05-21 05:22:35,18,3,3,21
811,11,PENDING,2025-08-06 05:19:51,2025-08-06 05:20:59,36,1,1,80
812,7,FAILED,2025-04-18 11:14:27,2025-04-18 11:18:17,11,2,7,45
813,8,RUNNING,2025-06-20 21:36:00,2025-06-20 21:38:33,53,1,2,1
814,11,CANCELLED,2025-06-29 08:21:13,2025-06-29 08:24:43,72,2,3,93
815,13,COMPLETED,2025-08-09 20:33:39,2025-08-09 20:39:27,63,2,2,70
816,5,RUNNING,2025-02-26 21:18:42,2025-02-26 21:23:56,9,3,6,65
817,9,FAILED,2025-05-22 14:16:49,2025-05-22 14:17:00,12,3,7,33
818,3,CANCELLED,2025-01-21 11:42:20,2025-01-21 11:48:38,65,1,2,86
819,15,PENDING,2025-08-24 22:02:21,2025-08-24 22:04:00,76,3,4,24
820,1,COMPLETED,2025-02-04 08:52:06,2025-02-04 08:55:07,95,1,5,32
821,4,COMPLETED,2025-02-19 19:02:05,2025-02-19 19:05:12,57,2,3,9
822,11,PENDING,2025-06-02 22:40:58,2025-06-02 22:41:31,68,2,5,97
823,11,FAILED,2025-07-13 17:58:39,2025-07-13 18:02:37,47,2,8,64
824,2,RUNNING,2025-01-25 20:13:08,2025-01-25 20:14:12,58,3,3,13
825,15,CANCELLED,2025-08-08 16:01:10,2025-08-08 16:02:34,42,3,4,31
826,6,CANCELLED,2025-03-26 04:15:02,2025-03-26 04:22:28,28,2,2,55
827,14,PENDING,2025-08-10 21:26:00,2025-08-10 21:27:52,60,1,3,72
828,15,COMPLETED,2025-08-27 22:45:15,2025-08-27 22:49:14,79,3,6,94
829,12,FAILED,2025-07-16 15:16:48,2025-07-16 15:24:02,71,1,8,43
830,8,RUNNING,2025-05-25 05:28:53,2025-05-25 05:35:55,64,1,7,99
831,9,COMPLETED,2025-04-04 01:34:25,2025-04-04 01:36:53,88,4,4,82
832,11,PENDING,2025-06-02 06:53:20,2025-06-02 07:01:04,81,4,5,90
833,4,FAILED,2025-01-10 13:47:43,2025-01-10 13:49:54,34,3,6,29
834,14,RUNNING,2025-07-14 02:25:52,2025-07-14 02:27:28,20,3,5,73
835,4,CANCELLED,2025-03-17 20:20:34,2025-03-17 20:23:02,23,4,6,88
836,8,FAILED,2025-04-18 13:53:47,2025-04-18 13:58:03,70,4,7,41
837,13,RUNNING,2025-07-07 08:02:31,2025-07-07 08:10:05,78,2,1,76
838,3,CANCELLED,2025-03-20 11:01:26,2025-03-20 11:08:53,24,4,4,60
839,5,PENDING,2025-02-11 17:24:59,2025-02-11 17:28:51,16,1,8,20
840,1,COMPLETED,2025-01-03 22:48:40,2025-01-03 22:49:35,17,1,1,85
841,6,CANCELLED,2025-03-26 07:51:24,2025-03-26 07:53:58,40,3,8,96
842,4,COMPLETED,2025-02-15 09:49:10,2025-02-15 09:50:25,89,4,5,74
843,13,PENDING,2025-08-12 19:41:16,2025-08-12 19:48:56,46,2,7,36
844,3,FAILED,2025-01-29 08:07:12,2025-01-29 08:12:34,7,1,6,78
845,4,RUNNING,2025-03-04 02:16:58,2025-03-04 02:24:24,44,2,7,39
846,11,PENDING,2025-05-28 23:51:24,2025-05-28 23:56:12,67,1,4,57
847,5,COMPLETED,2025-03-14 18:30:54,2025-03-14 18:33:52,19,2,7,68
848,6,RUNNING,2025-03-06 14:48:47,2025-03-06 14:54:17,50,1,4,40
849,14,CANCELLED,2025-08-15 12:18:58,2025-08-15 12:20:37,2,4,3,63
850,6,FAILED,2025-06-02 11:18:32,2025-06-02 11:18:34,55,2,3,89
851,4,RUNNING,2025-03-04 05:23:56,2025-03-04 05:29:29,21,4,5,46
852,13,CANCELLED,2025-07-16 08:21:39,2025-07-16 08:28:41,87,3,5,44
853,8,PENDING,2025-06-17 09:04:50,2025-06-17 09:06:57,6,1,6,66
854,4,COMPLETED,2025-02-28 14:51:18,2025-02-28 14:53:27,83,3,6,34
855,5,FAILED,2025-03-21 15:55:12,2025-03-21 15:59:12,59,3,1,8
856,8,RUNNING,2025-05-08 05:00:21,2025-05-08 05:03:54,37,4,7,50
857,15,FAILED,2025-08-23 02:16:07,2025-08-23 02:23:44,54,4,4,38
858,4,CANCELLED,2025-03-31 03:32:12,2025-03-31 03:39:31,49,1,3,12
859,7,PENDING,2025-02-09 18:42:58,2025-02-09 18:43:42,31,3,1,83
860,7,COMPLETED,2025-04-10 22:19:42,2025-04-10 22:25:06,82,1,2,16
861,15,PENDING,2025-08-15 22:08:15,2025-08-15 22:16:01,75,4,6,4
862,7,RUNNING,2025-04-03 13:28:10,2025-04-03 13:30:48,29,2,8,49
863,15,CANCELLED,2025-09-01 05:24:45,2025-09-01 05:25:59,51,3,1,35
864,7,FAILED,2025-07-09 01:43:37,2025-07-09 01:43:50,13,2,3,95
865,11,COMPLETED,2025-07-04 05:21:49,2025-07-04 05:23:13,69,1,8,25
866,14,FAILED,2025-08-16 08:31:05,2025-08-16 08:38:00,26,3,4,59
867,12,PENDING,2025-07-18 06:56:58,2025-07-18 07:04:48,74,2,2,11
868,11,COMPLETED,2025-06-28 01:39:23,2025-06-28 01:46:06,73,1,2,47
869,7,RUNNING,2025-03-31 13:48:33,2025-03-31 13:55:36,43,3,2,10
870,10,CANCELLED,2025-05-10 12:06:26,2025-05-10 12:11:48,35,2,5,6
871,12,CANCELLED,2025-07-27 07:16:21,2025-07-27 07:23:57,52,2,1,42
872,14,PENDING,2025-07-12 22:12:04,2025-07-12 22:19:00,98,4,3,67
873,15,COMPLETED,2025-08-02 11:46:24,2025-08-02 11:49:36,32,2,7,71
874,9,FAILED,2025-04-25 22:35:49,2025-04-25 22:39:32,8,4,5,37
875,7,RUNNING,2025-04-03 16:26:20,2025-04-03 16:30:30,45,1,3,27
876,6,COMPLETED,2025-03-31 08:06:09,2025-03-31 08:07:31,27,4,4,23
877,4,PENDING,2025-01-22 17:36:28,2025-01-22 17:39:18,38,1,6,98
878,15,FAILED,2025-08-02 03:16:02,2025-08-02 03:21:32,62,2,2,7
879,8,RUNNING,2025-05-19 16:01:38,2025-05-19 16:03:16,22,1,1,26
880,9,CANCELLED,2025-06-07 12:36:40,2025-06-07 12:40:24,86,2,3,56
881,6,RUNNING,2025-03-17 20:09:08,2025-03-17 20:09:12,92,2,6,28
882,11,CANCELLED,2025-07-16 11:19:18,2025-07-16 11:25:03,33,3,7,2
883,9,FAILED,2025-05-22 09:00:50,2025-05-22 09:06:57,96,3,2,77
884,10,PENDING,2025-06-26 00:46:12,2025-06-26 00:51:47,100,1,3,48
885,8,COMPLETED,2025-04-13 16:10:23,2025-04-13 16:10:27,30,3,5,75
886,5,CANCELLED,2025-02-28 12:16:25,2025-02-28 12:16:51,14,1,8,5
887,2,PENDING,2025-02-09 01:18:15,2025-02-09 01:18:24,91,2,7,15
888,2,COMPLETED,2025-01-10 10:07:31,2025-01-10 10:08:51,97,2,4,14
889,14,FAILED,2025-07-27 21:27:39,2025-07-27 21:34:31,4,2,2,22
890,1,RUNNING,2025-01-21 19:44:27,2025-01-21 19:52:05,10,3,2,87
891,11,CANCELLED,2025-07-08 07:30:53,2025-07-08 07:38:23,94,3,5,54
892,7,FAILED,2025-03-21 07:35:29,2025-03-21 07:40:39,15,2,5,79
893,5,COMPLETED,2025-03-19 17:19:56,2025-03-19 17:23:47,77,1,7,17
894,15,PENDING,2025-08-23 18:36:53,2025-08-23 18:41:11,93,3,4,19
895,8,RUNNING,2025-06-04 05:22:36,2025-06-04 05:27:28,3,1,1,51
896,13,CANCELLED,2025-07-29 20:20:54,2025-07-29 20:24:40,80,1,4,53
897,6,FAILED,2025-03-25 00:08:00,2025-03-25 00:13:53,56,4,6,92
898,6,PENDING,2025-04-06 00:48:25,2025-04-06 00:50:01,99,1,8,30
899,7,COMPLETED,2025-05-11 20:44:52,2025-05-11 20:49:47,39,3,8,62
900,7,RUNNING,2025-04-16 19:14:18,2025-04-16 19:19:34,66,3,6,18
901,10,PENDING,2025-05-28 12:20:17,2025-05-28 12:25:11,15,3,7,31
902,14,RUNNING,2025-08-21 05:08:51,2025-08-21 05:15:53,58,1,5,38
903,10,CANCELLED,2025-06-02 12:39:45,2025-06-02 12:45:20,54,2,7,14
904,9,FAILED,2025-06-22 19:59:40,2025-06-22 20:04:02,67,3,1,88
905,10,COMPLETED,2025-07-22 19:52:20,2025-07-22 19:52:36,56,3,4,66
906,9,CANCELLED,2025-04-24 09:23:40,2025-04-24 09:29:08,85,1,8,67
907,5,FAILED,2025-03-24 04:44:45,2025-03-24 04:47:05,37,2,1,96
908,4,COMPLETED,2025-01-23 11:10:06,2025-01-23 11:17:17,8,1,3,3
909,9,PENDING,2025-03-31 20:18:22,2025-03-31 20:22:45,14,1,6,5
910,9,RUNNING,2025-05-06 13:40:56,2025-05-06 13:46:17,48,4,3,7
911,14,RUNNING,2025-08-14 15:25:49,2025-08-14 15:31:34,45,4,7,80
912,10,CANCELLED,2025-05-01 17:54:29,2025-05-01 17:58:49,32,3,1,82
913,15,FAILED,2025-08-14 06:23:44,2025-08-14 06:24:22,38,4,5,52
914,8,COMPLETED,2025-06-21 15:09:49,2025-06-21 15:15:16,68,2,6,36
915,10,PENDING,2025-04-30 03:31:20,2025-04-30 03:35:09,5,2,6,24
916,10,PENDING,2025-06-14 00:35:47,2025-06-14 00:36:56,10,3,5,42
917,14,FAILED,2025-08-13 17:21:57,2025-08-13 17:25:20,17,4,3,40
918,8,RUNNING,2025-05-04 04:23:21,2025-05-04 04:24:57,50,2,5,46
919,10,CANCELLED,2025-05-30 03:16:19,2025-05-30 03:20:26,42,1,8,91
920,10,COMPLETED,2025-06-27 03:50:54,2025-06-27 03:52:57,53,1,2,47
921,14,FAILED,2025-08-12 10:04:00,2025-08-12 10:10:05,64,2,7,93
922,3,RUNNING,2025-02-20 17:02:21,2025-02-20 17:08:21,80,2,4,8
923,13,CANCELLED,2025-08-16 20:31:19,2025-08-16 20:36:32,78,2,8,84
924,4,COMPLETED,2025-02-15 14:35:31,2025-02-15 14:36:47,44,1,2,19
925,3,PENDING,2025-02-08 12:22:26,2025-02-08 12:26:27,52,1,3,50
926,13,PENDING,2025-08-21 07:03:51,2025-08-21 07:05:20,1,3,2,26
927,15,COMPLETED,2025-08-21 05:20:21,2025-08-21 05:26:55,30,3,4,58
928,9,RUNNING,2025-04-20 22:40:52,2025-04-20 22:48:41,83,3,6,72
929,14,CANCELLED,2025-06-10 16:10:07,2025-06-10 16:11:39,81,4,2,29
930,14,FAILED,2025-08-02 11:26:54,2025-08-02 11:32:04,55,4,4,83
931,12,COMPLETED,2025-08-08 23:02:32,2025-08-08 23:05:13,73,2,8,61
932,5,PENDING,2025-04-03 17:00:31,2025-04-03 17:02:50,76,3,3,59
933,4,RUNNING,2025-05-08 21:43:56,2025-05-08 21:46:54,21,3,6,94
934,4,CANCELLED,2025-04-18 03:03:25,2025-04-18 03:08:38,16,2,4,1
935,4,FAILED,2025-02-21 15:13:04,2025-02-21 15:19:44,66,1,3,54
936,12,PENDING,2025-06-27 05:26:31,2025-06-27 05:28:23,23,3,6,81
937,12,COMPLETED,2025-05-28 10:49:44,2025-05-28 10:53:57,98,1,7,33
938,1,RUNNING,2025-01-16 06:52:16,2025-01-16 06:59:16,41,1,7,9
939,10,FAILED,2025-05-04 18:36:22,2025-05-04 18:36:27,84,4,4,10
940,8,CANCELLED,2025-05-07 11:46:30,2025-05-07 11:50:10,25,4,6,90
941,11,RUNNING,2025-06-10 00:14:22,2025-06-10 00:16:42,91,3,2,78
942,9,CANCELLED,2025-04-06 21:57:44,2025-04-06 22:04:13,19,3,1,73
943,13,FAILED,2025-06-27 03:03:47,2025-06-27 03:10:37,74,4,4,4
944,3,PENDING,2025-02-13 20:11:00,2025-02-13 20:12:42,92,3,1,22
945,10,COMPLETED,2025-05-17 17:16:08,2025-05-17 17:23:18,43,2,3,15
946,8,CANCELLED,2025-04-28 06:07:18,2025-04-28 06:08:34,31,4,3,85
947,11,FAILED,2025-06-17 10:45:33,2025-06-17 10:53:30,95,1,2,39
948,2,PENDING,2025-01-15 11:50:45,2025-01-15 11:56:39,71,4,5,37
949,2,COMPLETED,2025-01-20 23:02:55,2025-01-20 23:09:57,59,1,5,53
950,10,RUNNING,2025-05-30 16:41:12,2025-05-30 16:43:27,40,2,2,87
951,14,CANCELLED,2025-08-10 03:31:01,2025-08-10 03:33:58,49,1,8,62
952,6,PENDING,2025-03-29 12:12:13,2025-03-29 12:13:23,60,2,5,41
953,9,COMPLETED,2025-05-07 08:26:20,2025-05-07 08:27:32,26,2,7,30
954,6,FAILED,2025-04-13 02:50:47,2025-04-13 02:53:57,75,3,8,12
955,12,RUNNING,2025-06-25 05:50:13,2025-06-25 05:57:40,36,3,5,76
956,5,FAILED,2025-02-15 11:40:16,2025-02-15 11:44:17,61,1,4,23
957,11,PENDING,2025-06-29 17:19:26,2025-06-29 17:27:25,51,3,6,77
958,9,COMPLETED,2025-05-28 21:16:18,2025-05-28 21:23:33,100,1,2,44
959,12,RUNNING,2025-07-12 00:57:40,2025-07-12 01:00:49,89,2,7,98
960,11,CANCELLED,2025-05-02 15:05:26,2025-05-02 15:06:55,7,2,1,49
961,11,RUNNING,2025-05-12 23:16:59,2025-05-12 23:24:51,22,4,5,86
962,11,FAILED,2025-08-01 14:03:25,2025-08-01 14:06:03,33,1,5,51
963,5,CANCELLED,2025-03-06 10:36:00,2025-03-06 10:42:19,34,3,2,34
964,12,PENDING,2025-07-20 11:16:19,2025-07-20 11:21:32,93,1,8,25
965,15,COMPLETED,2025-08-30 05:11:34,2025-08-30 05:13:32,35,2,5,89
966,13,PENDING,2025-08-03 12:30:07,2025-08-03 12:35:50,18,2,7,2
967,9,RUNNING,2025-05-15 08:18:54,2025-05-15 08:19:04,90,1,8,16
968,2,CANCELLED,2025-03-07 16:01:14,2025-03-07 16:03:46,97,4,5,60
969,4,FAILED,2025-02-24 22:14:53,2025-02-24 22:19:31,87,2,4,57
970,4,COMPLETED,2025-03-12 01:08:03,2025-03-12 01:15:06,12,1,6,48
971,7,FAILED,2025-04-13 03:17:22,2025-04-13 03:19:41,6,4,2,74
972,10,RUNNING,2025-07-17 04:42:33,2025-07-17 04:50:20,29,2,7,28
973,15,CANCELLED,2025-08-02 21:01:01,2025-08-02 21:01:34,3,2,1,97
974,7,PENDING,2025-05-25 12:46:08,2025-05-25 12:54:07,62,1,8,32
975,13,COMPLETED,2025-07-14 18:40:00,2025-07-14 18:40:26,65,1,3,75
976,10,PENDING,2025-05-29 19:08:34,2025-05-29 19:09:39,4,3,6,13
977,15,COMPLETED,2025-07-29 02:14:13,2025-07-29 02:17:26,28,2,4,21
978,4,RUNNING,2025-01-24 23:21:36,2025-01-24 23:27:27,27,4,3,63
979,14,CANCELLED,2025-07-17 20:04:39,2025-07-17 20:09:22,9,2,6,79
980,15,FAILED,2025-08-21 21:58:25,2025-08-21 22:01:46,2,4,7,17
981,13,RUNNING,2025-07-13 21:09:34,2025-07-13 21:14:27,96,3,7,20
982,2,CANCELLED,2025-03-24 09:41:37,2025-03-24 09:47:15,57,3,4,64
983,4,FAILED,2025-03-08 09:52:20,2025-03-08 09:53:49,94,3,6,99
984,12,COMPLETED,2025-06-24 14:11:51,2025-06-24 14:13:43,13,3,2,6
985,6,PENDING,2025-05-12 01:07:45,2025-05-12 01:14:52,47,2,1,43
986,5,PENDING,2025-04-15 05:21:00,2025-04-15 05:28:07,82,1,4,95
987,2,COMPLETED,2025-02-18 04:50:31,2025-02-18 04:51:19,70,3,1,92
988,12,RUNNING,2025-07-30 01:58:27,2025-07-30 02:02:35,77,4,3,69
989,2,CANCELLED,2025-04-03 03:03:59,2025-04-03 03:08:03,11,3,3,70
990,8,FAILED,2025-06-02 23:26:08,2025-06-02 23:28:21,99,1,2,100
991,14,PENDING,2025-07-28 08:02:38,2025-07-28 08:09:02,79,3,6,18
992,10,FAILED,2025-05-28 20:38:27,2025-05-28 20:42:10,39,2,4,71
993,14,RUNNING,2025-08-01 17:54:58,2025-08-01 17:56:50,88,1,3,68
994,3,CANCELLED,2025-02-05 06:54:25,2025-02-05 07:00:10,69,2,2,35
995,14,COMPLETED,2025-08-24 12:10:57,2025-08-24 12:14:09,86,1,1,45
996,15,RUNNING,2025-08-27 06:19:31,2025-08-27 06:22:16,24,1,8,65
997,2,CANCELLED,2025-02-06 10:44:56,2025-02-06 10:49:32,46,2,7,27
998,5,FAILED,2025-03-25 05:35:52,2025-03-25 05:43:32,20,2,6,55
999,10,COMPLETED,2025-06-11 13:03:24,2025-06-11 13:08:12,72,3,1,56
1000,9,PENDING,2025-05-21 19:56:04,2025-05-21 19:59:23,63,3,5,11
1001,3,PENDING,2025-01-24 22:38:05,2025-01-24 22:44:10,100,2,8,76
1002,12,FAILED,2025-06-28 15:14:06,2025-06-28 15:16:38,10,3,5,31
1003,8,RUNNING,2025-03-29 05:20:20,2025-03-29 05:26:41,37,3,4,15
1004,10,CANCELLED,2025-06-12 09:03:54,2025-06-12 09:04:05,50,1,1,19
1005,3,COMPLETED,2025-01-21 03:15:11,2025-01-21 03:21:47,65,4,3,2
1006,3,COMPLETED,2025-02-13 07:14:27,2025-02-13 07:19:32,19,4,5,55
1007,6,PENDING,2025-05-03 08:21:52,2025-05-03 08:25:11,51,2,2,38
1008,3,RUNNING,2025-02-14 03:17:34,2025-02-14 03:18:05,15,4,4,21
1009,12,CANCELLED,2025-04-26 22:59:17,2025-04-26 23:03:30,98,1,5,52
1010,9,FAILED,2025-05-30 19:05:36,2025-05-30 19:09:41,99,1,6,98
1011,6,PENDING,2025-04-05 23:08:14,2025-04-05 23:10:09,58,1,2,77
1012,6,RUNNING,2025-05-03 02:22:30,2025-05-03 02:26:38,7,4,6,59
1013,14,CANCELLED,2025-07-22 04:37:06,2025-07-22 04:37:56,85,2,7,92
1014,1,FAILED,2025-01-10 20:07:08,2025-01-10 20:14:00,17,2,8,42
1015,11,COMPLETED,2025-05-21 13:51:57,2025-05-21 13:59:04,8,4,3,5
1016,6,COMPLETED,2025-03-12 08:44:30,2025-03-12 08:51:30,39,3,3,4
1017,11,PENDING,2025-07-07 16:45:46,2025-07-07 16:50:03,28,3,7,43
1018,15,FAILED,2025-08-06 09:02:48,2025-08-06 09:07:39,95,1,7,49
1019,10,RUNNING,2025-07-06 08:09:41,2025-07-06 08:15:46,59,3,4,69
1020,13,CANCELLED,2025-07-21 05:37:32,2025-07-21 05:37:56,48,3,2,8
1021,3,CANCELLED,2025-01-25 02:41:46,2025-01-25 02:46:25,38,2,4,10
1022,2,FAILED,2025-02-14 12:47:58,2025-02-14 12:55:39,73,4,2,75
1023,13,COMPLETED,2025-07-18 22:07:40,2025-07-18 22:11:57,22,1,7,58
1024,6,PENDING,2025-06-06 05:36:36,2025-06-06 05:37:10,79,2,1,64
1025,9,RUNNING,2025-06-05 05:25:16,2025-06-05 05:30:07,61,1,3,100
1026,15,FAILED,2025-08-30 00:18:48,2025-08-30 00:22:06,43,2,6,81
1027,8,RUNNING,2025-05-29 09:23:41,2025-05-29 09:29:50,30,1,2,93
1028,3,CANCELLED,2025-02-21 14:02:03,2025-02-21 14:04:27,12,2,8,25
1029,12,PENDING,2025-07-25 12:59:05,2025-07-25 13:05:40,94,2,7,62
1030,4,COMPLETED,2025-04-19 21:21:33,2025-04-19 21:21:33,20,3,3,89
1031,7,PENDING,2025-03-18 04:26:33,2025-03-18 04:28:27,45,3,4,34
1032,6,COMPLETED,2025-03-11 06:34:29,2025-03-11 06:35:48,62,1,4,79
1033,9,FAILED,2025-02-13 02:24:05,2025-02-13 02:29:26,13,3,7,29
1034,5,RUNNING,2025-04-24 01:31:49,2025-04-24 01:34:50,34,1,2,1
1035,4,CANCELLED,2025-02-25 08:41:58,2025-02-25 08:45:09,2,2,8,27
1036,14,PENDING,2025-08-15 04:54:37,2025-08-15 04:57:43,74,2,6,95
1037,1,FAILED,2025-01-14 20:36:43,2025-01-14 20:40:52,77,2,4,83
1038,8,RUNNING,2025-05-09 23:21:06,2025-05-09 23:23:41,88,3,3,11
1039,6,CANCELLED,2025-03-02 17:06:17,2025-03-02 17:07:38,44,3,5,18
1040,8,COMPLETED,2025-06-04 06:43:51,2025-06-04 06:50:30,31,2,5,45
1041,13,CANCELLED,2025-08-28 02:40:07,2025-08-28 02:43:11,82,1,7,37
1042,9,FAILED,2025-06-02 14:36:47,2025-06-02 14:40:05,21,3,1,99
1043,13,COMPLETED,2025-07-16 06:43:19,2025-07-16 06:50:39,71,1,5,97
1044,8,PENDING,2025-05-22 21:28:06,2025-05-22 21:29:44,56,1,1,65
1045,5,RUNNING,2025-02-13 14:44:48,2025-02-13 14:50:27,92,4,2,80
1046,13,CANCELLED,2025-07-06 20:38:24,2025-07-06 20:39:31,5,1,8,12
1047,13,COMPLETED,2025-08-07 05:52:32,2025-08-07 05:58:25,11,3,3,40
1048,2,PENDING,2025-02-28 04:17:07,2025-02-28 04:17:27,41,3,6,84
1049,8,FAILED,2025-05-31 20:54:22,2025-05-31 20:57:00,49,4,5,56
1050,4,RUNNING,2025-02-23 22:49:42,2025-02-23 22:57:14,76,4,6,91
1051,2,PENDING,2025-01-16 22:50:05,2025-01-16 22:50:35,69,2,1,90
1052,1,FAILED,2025-01-26 19:29:39,2025-01-26 19:35:36,80,1,5,68
1053,12,RUNNING,2025-06-27 18:22:59,2025-06-27 18:23:22,93,4,3,82
1054,5,CANCELLED,2025-02-21 03:12:21,2025-02-21 03:18:06,60,2,4,73
1055,15,COMPLETED,2025-09-01 15:07:06,2025-09-01 15:14:04,52,4,5,60
1056,4,RUNNING,2025-02-17 22:30:32,2025-02-17 22:31:02,75,3,8,14
1057,4,CANCELLED,2025-02-10 01:25:00,2025-02-10 01:31:47,97,1,1,33
1058,8,COMPLETED,2025-04-13 20:28:23,2025-04-13 20:32:59,70,2,5,72
1059,12,PENDING,2025-07-22 16:30:54,2025-07-22 16:34:42,25,3,2,48
1060,3,FAILED,2025-02-15 20:34:58,2025-02-15 20:36:00,72,1,4,36
1061,10,PENDING,2025-05-24 20:11:06,2025-05-24 20:18:12,14,1,3,22
1062,1,RUNNING,2025-01-31 16:02:24,2025-01-31 16:06:41,64,4,7,71
1063,15,CANCELLED,2025-08-09 09:56:24,2025-08-09 10:03:55,42,2,3,44
1064,2,FAILED,2025-01-23 17:10:49,2025-01-23 17:15:32,68,2,6,87
1065,15,COMPLETED,2025-08-23 08:18:45,2025-08-23 08:25:43,46,1,3,13
1066,15,CANCELLED,2025-08-18 13:37:34,2025-08-18 13:42:57,66,3,6,23
1067,14,FAILED,2025-08-10 07:07:32,2025-08-10 07:14:36,35,3,8,17
1068,9,PENDING,2025-06-17 02:30:24,2025-06-17 02:32:59,26,3,5,53
1069,13,COMPLETED,2025-08-14 00:26:43,2025-08-14 00:32:17,90,1,2,61
1070,3,RUNNING,2025-03-14 12:14:40,2025-03-14 12:21:02,29,2,7,66
1071,7,CANCELLED,2025-04-02 07:55:55,2025-04-02 07:59:05,16,3,7,96
1072,7,FAILED,2025-05-16 10:16:19,2025-05-16 10:22:48,54,2,8,88
1073,15,COMPLETED,2025-08-21 15:34:07,2025-08-21 15:38:16,27,2,1,30
1074,10,PENDING,2025-05-26 16:37:57,2025-05-26 16:39:45,67,4,2,39
1075,1,RUNNING,2025-01-18 05:09:46,2025-01-18 05:12:32,96,1,4,46
1076,14,PENDING,2025-08-26 09:01:00,2025-08-26 09:03:34,24,1,6,26
1077,9,RUNNING,2025-05-31 20:42:51,2025-05-31 20:46:55,4,3,2,3
1078,2,CANCELLED,2025-02-19 13:28:37,2025-02-19 13:35:48,47,3,6,28
1079,12,FAILED,2025-07-01 18:38:29,2025-07-01 18:45:36,78,2,7,50
1080,8,COMPLETED,2025-05-09 08:43:49,2025-05-09 08:47:51,1,3,4,57
1081,1,COMPLETED,2025-01-22 16:35:04,2025-01-22 16:40:55,33,4,4,54
1082,5,RUNNING,2025-02-22 15:17:51,2025-02-22 15:24:57,55,2,2,9
1083,9,FAILED,2025-05-31 10:40:33,2025-05-31 10:40:53,3,3,6,70
1084,10,CANCELLED,2025-07-21 14:38:49,2025-07-21 14:46:23,32,3,8,51
1085,1,PENDING,2025-01-23 10:34:59,2025-01-23 10:42:58,53,4,5,67
1086,14,RUNNING,2025-07-06 22:20:22,2025-07-06 22:27:51,36,2,1,74
1087,1,CANCELLED,2025-01-06 03:04:44,2025-01-06 03:08:29,40,4,2,16
1088,3,FAILED,2025-01-29 04:13:47,2025-01-29 04:18:50,9,1,6,41
1089,10,COMPLETED,2025-05-09 09:40:55,2025-05-09 09:44:18,6,2,3,35
1090,7,PENDING,2025-03-05 03:11:05,2025-03-05 03:15:27,63,1,7,86
1091,13,PENDING,2025-06-23 04:31:06,2025-06-23 04:33:13,84,1,5,78
1092,1,FAILED,2025-02-04 23:00:57,2025-02-04 23:06:03,83,1,4,94
1093,3,RUNNING,2025-04-25 00:02:41,2025-04-25 00:05:31,81,2,8,32
1094,3,CANCELLED,2025-02-23 13:39:21,2025-02-23 13:43:14,86,2,3,47
1095,15,COMPLETED,2025-08-30 16:11:09,2025-08-30 16:14:44,18,3,3,20
1096,4,COMPLETED,2025-03-19 14:53:17,2025-03-19 14:54:01,57,3,6,85
1097,11,RUNNING,2025-05-13 10:10:57,2025-05-13 10:14:05,91,2,2,6
1098,4,FAILED,2025-02-24 03:27:39,2025-02-24 03:32:54,87,4,7,24
1099,1,CANCELLED,2025-01-04 07:17:56,2025-01-04 07:22:02,89,3,1,63
1100,12,PENDING,2025-06-05 22:56:12,2025-06-05 23:03:07,23,2,3,7
1101,4,CANCELLED,2025-03-14 07:55:21,2025-03-14 08:00:49,32,1,1,15
1102,15,PENDING,2025-08-02 02:05:41,2025-08-02 02:12:20,75,3,5,67
1103,5,COMPLETED,2025-02-11 10:26:03,2025-02-11 10:33:58,89,3,7,2
1104,4,RUNNING,2025-04-20 11:07:13,2025-04-20 11:15:09,38,2,5,38
1105,8,FAILED,2025-05-01 19:09:01,2025-05-01 19:13:18,68,3,6,87
1106,6,PENDING,2025-03-08 13:22:58,2025-03-08 13:29:16,10,3,8,58
1107,6,FAILED,2025-05-19 12:00:58,2025-05-19 12:04:41,94,1,2,61
1108,12,RUNNING,2025-08-18 11:48:23,2025-08-18 11:51:03,9,4,4,94
1109,4,CANCELLED,2025-02-06 00:41:01,2025-02-06 00:45:43,14,1,7,4
1110,4,COMPLETED,2025-03-21 21:40:23,2025-03-21 21:46:05,22,1,4,44
1111,9,FAILED,2025-06-24 12:01:05,2025-06-24 12:09:03,97,3,4,80
1112,5,RUNNING,2025-03-18 10:49:25,2025-03-18 10:51:08,88,2,7,82
1113,1,CANCELLED,2025-01-12 07:30:26,2025-01-12 07:33:55,53,4,3,90
1114,12,COMPLETED,2025-06-02 18:23:28,2025-06-02 18:30:49,83,3,4,57
1115,12,PENDING,2025-06-27 12:35:31,2025-06-27 12:38:57,7,3,6,41
1116,4,FAILED,2025-04-12 04:39:39,2025-04-12 04:44:08,95,1,6,93
1117,14,RUNNING,2025-07-19 07:57:43,2025-07-19 08:03:01,64,2,7,55
1118,5,CANCELLED,2025-02-27 18:26:52,2025-02-27 18:30:41,91,1,4,78
1119,4,PENDING,2025-01-25 23:56:20,2025-01-26 00:02:02,55,1,8,37
1120,13,COMPLETED,2025-07-17 22:38:35,2025-07-17 22:39:43,77,1,5,91
1121,9,COMPLETED,2025-05-28 07:19:48,2025-05-28 07:26:36,81,1,5,19
1122,9,RUNNING,2025-05-23 01:49:22,2025-05-23 01:49:51,50,2,4,71
1123,1,CANCELLED,2025-01-06 05:32:03,2025-01-06 05:34:43,29,4,6,65
1124,6,FAILED,2025-05-15 20:21:59,2025-05-15 20:28:21,40,4,2,66
1125,2,PENDING,2025-03-12 03:19:38,2025-03-12 03:25:14,80,4,3,95
1126,6,PENDING,2025-05-01 03:20:10,2025-05-01 03:25:27,85,2,2,56
1127,15,RUNNING,2025-08-29 10:37:38,2025-08-29 10:43:44,61,2,8,32
1128,3,CANCELLED,2025-02-28 23:17:54,2025-02-28 23:23:27,11,3,1,84
1129,12,FAILED,2025-06-07 23:22:41,2025-06-07 23:29:51,34,1,5,72
1130,2,COMPLETED,2025-01-16 04:58:43,2025-01-16 05:04:24,79,4,6,11
1131,12,PENDING,2025-07-04 14:13:11,2025-07-04 14:20:53,72,4,3,53
1132,3,RUNNING,2025-01-05 23:18:29,2025-01-05 23:21:33,42,1,8,29
1133,10,CANCELLED,2025-06-28 14:19:16,2025-06-28 14:25:45,41,1,2,43
1134,6,FAILED,2025-03-06 20:14:00,2025-03-06 20:19:06,31,2,7,10
1135,4,COMPLETED,2025-05-03 04:44:45,2025-05-03 04:51:43,2,3,3,64
1136,5,PENDING,2025-03-20 20:08:38,2025-03-20 20:10:15,45,3,5,27
1137,15,RUNNING,2025-08-18 12:32:51,2025-08-18 12:38:29,3,3,1,70
1138,13,CANCELLED,2025-08-08 09:59:31,2025-08-08 10:05:59,65,3,1,63
1139,4,FAILED,2025-04-03 10:04:40,2025-04-03 10:09:02,13,2,7,26
1140,8,COMPLETED,2025-05-03 01:17:39,2025-05-03 01:22:10,48,2,2,92
1141,9,CANCELLED,2025-07-10 12:38:27,2025-07-10 12:43:31,60,3,8,60
1142,15,PENDING,2025-08-24 02:14:40,2025-08-24 02:17:10,19,2,3,83
1143,1,COMPLETED,2025-01-17 16:50:08,2025-01-17 16:57:15,23,2,5,76
1144,3,RUNNING,2025-02-22 02:22:51,2025-02-22 02:27:59,96,3,2,6
1145,11,FAILED,2025-05-22 13:01:15,2025-05-22 13:02:55,6,3,1,12
1146,7,FAILED,2025-05-25 06:47:18,2025-05-25 06:54:19,57,4,3,81
1147,9,CANCELLED,2025-06-09 14:05:02,2025-06-09 14:10:26,24,4,5,45
1148,14,PENDING,2025-08-16 06:41:42,2025-08-16 06:43:54,62,4,7,28
1149,8,COMPLETED,2025-05-17 17:20:03,2025-05-17 17:20:14,51,3,1,97
1150,13,RUNNING,2025-07-13 22:40:42,2025-07-13 22:47:04,37,3,8,89
1151,13,PENDING,2025-08-13 14:17:34,2025-08-13 14:22:46,17,1,5,23
1152,7,RUNNING,2025-03-17 16:45:24,2025-03-17 16:50:23,66,1,7,5
1153,8,CANCELLED,2025-04-17 07:03:16,2025-04-17 07:07:29,76,3,1,20
1154,7,FAILED,2025-04-21 14:47:58,2025-04-21 14:53:19,33,1,4,77
1155,15,COMPLETED,2025-08-07 01:36:33,2025-08-07 01:38:09,99,2,7,47
1156,3,FAILED,2025-02-13 17:08:41,2025-02-13 17:16:05,93,2,6,74
1157,8,COMPLETED,2025-05-13 17:47:57,2025-05-13 17:50:48,8,3,8,54
1158,9,PENDING,2025-06-16 09:12:46,2025-06-16 09:17:30,67,1,4,50
1159,1,RUNNING,2025-01-05 11:57:42,2025-01-05 12:03:19,21,4,3,98
1160,11,CANCELLED,2025-06-17 18:45:23,2025-06-17 18:50:18,12,1,2,22
1161,15,FAILED,2025-06-18 11:13:26,2025-06-18 11:19:47,39,4,6,85
1162,6,RUNNING,2025-04-18 04:53:23,2025-04-18 04:57:46,59,2,7,51
1163,5,CANCELLED,2025-02-15 17:26:59,2025-02-15 17:32:33,5,2,5,33
1164,5,PENDING,2025-01-26 01:58:18,2025-01-26 02:04:06,43,3,6,52
1165,8,COMPLETED,2025-04-19 20:22:21,2025-04-19 20:23:21,27,2,4,16
1166,13,RUNNING,2025-07-22 18:02:59,2025-07-22 18:09:13,30,2,4,48
1167,2,FAILED,2025-01-17 02:31:46,2025-01-17 02:37:46,86,1,6,79
1168,14,CANCELLED,2025-07-23 07:52:59,2025-07-23 07:57:52,36,3,3,3
1169,8,PENDING,2025-05-13 09:24:10,2025-05-13 09:29:38,73,1,2,13
1170,9,COMPLETED,2025-05-30 23:50:33,2025-05-30 23:58:11,54,1,2,9
1171,9,PENDING,2025-04-11 14:26:13,2025-04-11 14:33:21,47,2,5,96
1172,3,COMPLETED,2025-02-21 17:57:33,2025-02-21 18:01:08,26,1,5,62
1173,3,RUNNING,2025-02-20 07:00:44,2025-02-20 07:01:39,25,2,7,46
1174,11,CANCELLED,2025-06-14 16:14:30,2025-06-14 16:17:34,16,4,2,18
1175,12,FAILED,2025-06-15 16:14:46,2025-06-15 16:18:33,28,3,6,21
1176,14,PENDING,2025-07-30 14:56:31,2025-07-30 15:02:31,15,3,1,14
1177,11,RUNNING,2025-07-23 20:28:40,2025-07-23 20:29:10,87,2,3,1
1178,4,CANCELLED,2025-02-13 01:55:36,2025-02-13 01:58:26,92,3,2,49
1179,4,FAILED,2025-02-27 19:40:05,2025-02-27 19:41:37,44,1,6,8
1180,8,COMPLETED,2025-03-13 00:18:30,2025-03-13 00:24:12,82,1,7,86
1181,6,FAILED,2025-04-08 17:12:34,2025-04-08 17:15:19,78,4,6,36
1182,9,COMPLETED,2025-06-22 01:57:55,2025-06-22 02:02:32,4,4,4,59
1183,1,PENDING,2025-02-15 17:29:06,2025-02-15 17:29:20,18,2,8,88
1184,7,RUNNING,2025-04-14 07:15:12,2025-04-14 07:19:54,74,2,1,7
1185,5,CANCELLED,2025-02-17 06:42:07,2025-02-17 06:48:48,100,1,3,69
1186,8,FAILED,2025-05-06 10:29:29,2025-05-06 10:30:08,35,3,3,30
1187,9,COMPLETED,2025-05-08 13:10:00,2025-05-08 13:12:31,71,2,4,75
1188,8,PENDING,2025-04-17 02:57:34,2025-04-17 02:57:52,63,2,7,25
1189,9,RUNNING,2025-05-17 21:27:01,2025-05-17 21:33:06,20,3,6,39
1190,13,CANCELLED,2025-06-16 09:21:06,2025-06-16 09:24:41,56,3,8,24
1191,11,COMPLETED,2025-05-01 08:38:09,2025-05-01 08:40:47,49,3,4,73
1192,15,PENDING,2025-08-23 03:28:03,2025-08-23 03:28:12,52,2,1,42
1193,3,RUNNING,2025-02-16 15:15:24,2025-02-16 15:21:24,1,1,4,17
1194,11,CANCELLED,2025-07-21 20:27:33,2025-07-21 20:34:50,84,3,2,100
1195,9,FAILED,2025-04-10 21:11:03,2025-04-10 21:15:24,98,1,3,68
1196,11,CANCELLED,2025-07-04 01:39:53,2025-07-04 01:44:03,69,1,5,40
1197,2,PENDING,2025-01-30 02:28:43,2025-01-30 02:31:57,58,3,2,99
1198,6,COMPLETED,2025-03-15 05:40:09,2025-03-15 05:46:58,70,1,5,34
1199,5,RUNNING,2025-03-30 22:18:05,2025-03-30 22:21:44,46,1,8,31
1200,7,FAILED,2025-03-30 13:11:03,2025-03-30 13:14:01,90,3,7,35
1201,1,CANCELLED,2025-01-22 01:44:13,2025-01-22 01:48:09,68,3,3,45
1202,3,FAILED,2025-02-21 19:13:54,2025-02-21 19:16:00,79,1,4,16
1203,12,PENDING,2025-08-09 15:12:28,2025-08-09 15:15:53,88,3,1,51
1204,5,COMPLETED,2025-04-08 06:51:01,2025-04-08 06:51:25,17,2,3,42
1205,11,RUNNING,2025-07-29 23:29:30,2025-07-29 23:35:55,19,3,2,37
1206,4,CANCELLED,2025-04-15 14:47:23,2025-04-15 14:53:06,92,1,3,100
1207,3,FAILED,2025-01-04 21:33:31,2025-01-04 21:39:15,35,4,2,63
1208,4,PENDING,2025-04-21 10:18:07,2025-04-21 10:20:33,83,4,7,43
1209,13,COMPLETED,2025-06-13 10:38:08,2025-06-13 10:45:10,22,1,6,33
1210,9,RUNNING,2025-04-03 11:15:45,2025-04-03 11:17:50,96,2,7,35
1211,1,PENDING,2025-01-06 22:37:11,2025-01-06 22:44:46,40,2,5,19
1212,10,FAILED,2025-04-06 19:52:39,2025-04-06 19:57:34,67,2,5,86
1213,9,RUNNING,2025-05-04 18:44:57,2025-05-04 18:51:50,61,3,8,12
1214,13,CANCELLED,2025-07-22 07:02:17,2025-07-22 07:03:07,91,2,8,14
1215,11,COMPLETED,2025-08-05 07:40:23,2025-08-05 07:43:19,85,1,1,94
1216,13,FAILED,2025-07-16 18:02:28,2025-07-16 18:03:42,94,2,2,54
1217,15,COMPLETED,2025-08-27 03:40:26,2025-08-27 03:42:57,69,1,7,66
1218,13,PENDING,2025-07-25 12:52:36,2025-07-25 12:59:12,97,3,6,30
1219,6,RUNNING,2025-03-31 09:55:04,2025-03-31 09:59:12,47,1,8,85
1220,13,CANCELLED,2025-05-12 19:01:55,2025-05-12 19:02:58,21,4,4,29
1221,5,FAILED,2025-03-03 05:39:22,2025-03-03 05:41:40,62,4,4,7
1222,3,PENDING,2025-02-16 23:03:18,2025-02-16 23:06:11,44,2,1,9
1223,4,COMPLETED,2025-01-24 00:03:51,2025-01-24 00:08:28,82,3,3,52
1224,1,RUNNING,2025-02-20 14:39:17,2025-02-20 14:46:11,58,2,2,61
1225,11,CANCELLED,2025-07-02 02:02:53,2025-07-02 02:09:53,5,2,5,11
1226,3,PENDING,2025-03-08 07:23:32,2025-03-08 07:24:50,76,1,6,31
1227,7,COMPLETED,2025-05-03 11:44:27,2025-05-03 11:47:55,10,3,6,21
1228,4,RUNNING,2025-03-11 18:00:28,2025-03-11 18:03:41,36,1,5,77
1229,1,CANCELLED,2025-01-26 18:19:31,2025-01-26 18:24:45,42,4,4,41
1230,11,FAILED,2025-06-24 09:51:43,2025-06-24 09:56:19,7,3,7,20
1231,10,COMPLETED,2025-05-28 20:46:59,2025-05-28 20:51:07,18,1,6,58
1232,1,PENDING,2025-01-01 15:53:49,2025-01-01 15:59:54,86,2,8,40
1233,3,FAILED,2025-02-10 10:42:04,2025-02-10 10:49:38,72,1,7,18
1234,15,RUNNING,2025-08-30 08:38:00,2025-08-30 08:42:59,16,3,4,25
1235,10,CANCELLED,2025-07-28 05:17:38,2025-07-28 05:21:37,54,1,5,68
1236,8,RUNNING,2025-04-15 00:04:03,2025-04-15 00:11:39,66,4,6,8
1237,13,CANCELLED,2025-07-14 17:32:46,2025-07-14 17:39:02,8,4,5,72
1238,11,COMPLETED,2025-08-08 06:18:17,2025-08-08 06:24:41,95,2,6,32
1239,11,PENDING,2025-05-08 12:05:48,2025-05-08 12:10:23,87,3,7,10
1240,12,FAILED,2025-08-05 15:04:44,2025-08-05 15:06:45,29,2,1,59
1241,8,RUNNING,2025-05-20 20:38:59,2025-05-20 20:46:37,64,2,4,47
1242,12,CANCELLED,2025-06-17 10:44:55,2025-06-17 10:52:18,65,1,8,74
1243,7,FAILED,2025-04-16 18:13:20,2025-04-16 18:14:24,4,3,1,13
1244,13,COMPLETED,2025-07-08 14:55:18,2025-07-08 14:57:35,46,1,1,79
1245,13,PENDING,2025-07-17 05:23:08,2025-07-17 05:24:34,49,4,7,65
1246,8,PENDING,2025-05-28 04:38:20,2025-05-28 04:39:52,27,3,2,53
1247,5,RUNNING,2025-05-21 20:39:22,2025-05-21 20:41:13,34,3,3,64
1248,2,CANCELLED,2025-03-06 14:57:35,2025-03-06 15:04:17,60,1,2,93
1249,15,FAILED,2025-08-24 19:10:06,2025-08-24 19:18:04,9,3,6,56
1250,12,COMPLETED,2025-07-11 19:43:15,2025-07-11 19:49:01,15,2,7,99
1251,11,PENDING,2025-04-28 03:41:52,2025-04-28 03:48:14,30,3,2,83
1252,13,RUNNING,2025-07-31 18:18:40,2025-07-31 18:21:54,70,1,4,69
1253,7,CANCELLED,2025-03-30 14:23:46,2025-03-30 14:24:17,45,4,5,39
1254,10,FAILED,2025-06-19 07:48:53,2025-06-19 07:52:53,74,4,3,76
1255,9,COMPLETED,2025-05-01 01:27:04,2025-05-01 01:31:54,6,1,5,6
1256,14,CANCELLED,2025-08-29 05:30:23,2025-08-29 05:32:13,78,2,8,81
1257,9,FAILED,2025-05-16 16:12:21,2025-05-16 16:18:09,14,2,3,90
1258,10,PENDING,2025-05-07 11:03:58,2025-05-07 11:05:37,77,2,4,4
1259,2,COMPLETED,2025-01-25 00:50:42,2025-01-25 00:53:03,51,3,2,26
1260,6,RUNNING,2025-02-28 09:52:59,2025-02-28 09:55:38,1,4,3,73
1261,10,PENDING,2025-05-27 05:03:29,2025-05-27 05:07:24,89,1,8,34
1262,11,FAILED,2025-06-17 18:57:43,2025-06-17 19:00:05,99,4,5,71
1263,3,RUNNING,2025-03-17 23:13:39,2025-03-17 23:21:28,53,3,7,89
1264,5,CANCELLED,2025-03-18 03:05:49,2025-03-18 03:11:12,55,2,1,50
1265,14,COMPLETED,2025-08-16 19:21:07,2025-08-16 19:28:48,12,3,4,24
1266,3,PENDING,2025-02-10 17:43:41,2025-02-10 17:50:26,3,1,7,49
1267,3,COMPLETED,2025-01-17 15:03:13,2025-01-17 15:08:24,37,4,6,23
1268,10,RUNNING,2025-06-26 10:39:30,2025-06-26 10:45:55,41,1,8,62
1269,4,FAILED,2025-02-23 11:11:39,2025-02-23 11:18:27,80,2,4,22
1270,13,CANCELLED,2025-06-29 03:16:47,2025-06-29 03:21:33,2,1,3,55
1271,11,RUNNING,2025-06-03 19:35:08,2025-06-03 19:36:59,25,3,2,98
1272,1,FAILED,2025-01-21 12:40:38,2025-01-21 12:48:13,73,4,6,28
1273,7,CANCELLED,2025-04-03 17:00:32,2025-04-03 17:03:38,32,1,7,67
1274,12,PENDING,2025-08-05 13:45:21,2025-08-05 13:52:21,93,3,5,36
1275,12,COMPLETED,2025-05-28 23:51:42,2025-05-28 23:57:19,38,2,6,5
1276,11,FAILED,2025-05-20 10:01:09,2025-05-20 10:06:48,56,4,4,27
1277,4,RUNNING,2025-02-16 19:44:32,2025-02-16 19:45:15,63,1,4,78
1278,4,CANCELLED,2025-03-17 02:48:44,2025-03-17 02:51:32,31,4,6,17
1279,1,COMPLETED,2025-01-16 06:49:03,2025-01-16 06:51:08,52,3,3,91
1280,11,PENDING,2025-07-13 21:31:09,2025-07-13 21:38:53,59,2,2,84
1281,12,CANCELLED,2025-07-06 03:22:43,2025-07-06 03:23:04,81,3,2,97
1282,15,PENDING,2025-07-30 16:10:44,2025-07-30 16:16:11,50,1,8,3
1283,13,COMPLETED,2025-08-11 07:03:42,2025-08-11 07:05:44,57,4,3,1
1284,14,FAILED,2025-07-30 18:26:07,2025-07-30 18:28:06,13,2,5,44
1285,8,RUNNING,2025-07-07 04:10:37,2025-07-07 04:11:04,20,2,2,60
1286,8,COMPLETED,2025-03-18 13:17:48,2025-03-18 13:22:56,39,2,1,2
1287,13,PENDING,2025-08-01 18:00:02,2025-08-01 18:05:00,43,3,3,87
1288,7,RUNNING,2025-04-25 07:37:50,2025-04-25 07:44:22,26,1,5,57
1289,12,CANCELLED,2025-06-05 13:40:34,2025-06-05 13:47:20,98,2,7,92
1290,5,FAILED,2025-04-08 07:11:32,2025-04-08 07:15:47,48,3,1,88
1291,14,COMPLETED,2025-08-18 01:34:38,2025-08-18 01:36:37,90,3,1,46
1292,3,FAILED,2025-03-05 07:26:41,2025-03-05 07:32:41,100,2,8,48
1293,2,RUNNING,2025-01-19 10:45:10,2025-01-19 10:52:42,84,1,3,80
1294,14,CANCELLED,2025-08-20 13:04:03,2025-08-20 13:08:25,24,1,6,15
1295,6,PENDING,2025-03-21 06:30:08,2025-03-21 06:35:29,33,4,4,82
1296,12,CANCELLED,2025-08-08 06:35:01,2025-08-08 06:40:07,71,2,3,95
1297,9,COMPLETED,2025-06-15 06:57:30,2025-06-15 07:00:02,28,3,6,38
1298,6,PENDING,2025-04-06 08:38:07,2025-04-06 08:43:41,75,2,7,75
1299,3,FAILED,2025-03-12 19:27:26,2025-03-12 19:29:38,11,4,7,96
1300,14,RUNNING,2025-08-18 03:07:40,2025-08-18 03:11:58,23,2,4,70
1301,6,CANCELLED,2025-05-09 07:44:13,2025-05-09 07:51:33,14,2,6,97
1302,9,PENDING,2025-06-23 19:15:51,2025-06-23 19:19:13,49,1,2,43
1303,13,COMPLETED,2025-07-03 09:13:00,2025-07-03 09:15:26,21,1,1,90
1304,11,RUNNING,2025-06-07 00:36:10,2025-06-07 00:41:26,65,2,4,13
1305,11,FAILED,2025-05-18 16:03:19,2025-05-18 16:09:23,93,2,1,85
1306,7,CANCELLED,2025-04-04 07:13:42,2025-04-04 07:20:07,25,3,3,40
1307,1,FAILED,2025-01-03 03:05:15,2025-01-03 03:06:36,40,3,3,2
1308,8,PENDING,2025-05-09 17:25:16,2025-05-09 17:28:36,8,2,2,42
1309,11,COMPLETED,2025-07-06 04:46:03,2025-07-06 04:51:56,6,3,5,8
1310,2,RUNNING,2025-02-16 06:03:47,2025-02-16 06:04:46,68,1,5,56
1311,8,PENDING,2025-05-24 00:49:48,2025-05-24 00:53:28,60,1,2,48
1312,10,COMPLETED,2025-04-26 06:49:34,2025-04-26 06:55:34,87,1,8,96
1313,13,FAILED,2025-07-30 03:38:13,2025-07-30 03:42:14,94,2,5,68
1314,14,RUNNING,2025-08-20 11:00:16,2025-08-20 11:01:18,22,3,7,84
1315,7,CANCELLED,2025-04-05 06:56:28,2025-04-05 06:59:49,10,2,8,14
1316,11,COMPLETED,2025-06-25 22:39:28,2025-06-25 22:42:00,78,1,5,81
1317,10,PENDING,2025-05-18 17:30:46,2025-05-18 17:33:23,1,1,4,79
1318,2,FAILED,2025-02-26 02:59:34,2025-02-26 03:07:22,76,2,6,59
1319,9,RUNNING,2025-05-21 20:49:41,2025-05-21 20:55:36,26,3,2,22
1320,8,CANCELLED,2025-04-18 07:15:14,2025-04-18 07:17:29,71,3,7,23
1321,3,RUNNING,2025-05-03 01:32:06,2025-05-03 01:34:53,16,2,1,64
1322,11,CANCELLED,2025-06-25 23:23:29,2025-06-25 23:27:57,43,1,8,44
1323,12,FAILED,2025-08-16 06:52:16,2025-08-16 06:56:03,80,2,3,26
1324,12,COMPLETED,2025-06-20 09:50:15,2025-06-20 09:57:26,2,3,6,39
1325,5,PENDING,2025-03-11 13:24:16,2025-03-11 13:25:45,12,1,4,4
1326,1,FAILED,2025-01-28 13:01:23,2025-01-28 13:02:31,24,3,3,31
1327,11,CANCELLED,2025-06-14 15:07:22,2025-06-14 15:08:16,5,2,6,21
1328,3,PENDING,2025-02-21 09:52:33,2025-02-21 09:58:11,41,4,7,24
1329,3,COMPLETED,2025-02-08 12:34:37,2025-02-08 12:39:36,47,1,7,54
1330,15,RUNNING,2025-08-15 16:16:20,2025-08-15 16:17:18,30,1,4,80
1331,1,RUNNING,2025-02-05 12:46:46,2025-02-05 12:52:16,95,2,6,55
1332,2,CANCELLED,2025-01-28 22:24:43,2025-01-28 22:25:13,97,1,2,78
1333,9,COMPLETED,2025-06-28 15:59:48,2025-06-28 16:01:09,36,1,1,28
1334,13,PENDING,2025-08-07 02:32:02,2025-08-07 02:33:31,56,3,4,93
1335,8,FAILED,2025-04-26 21:09:50,2025-04-26 21:12:04,62,2,1,12
1336,3,CANCELLED,2025-03-28 07:15:36,2025-03-28 07:19:57,100,3,3,61
1337,10,COMPLETED,2025-05-26 13:46:46,2025-05-26 13:52:36,63,1,3,37
1338,12,PENDING,2025-08-09 19:33:35,2025-08-09 19:36:53,13,3,2,32
1339,2,FAILED,2025-02-15 10:58:55,2025-02-15 11:04:55,46,4,5,66
1340,13,RUNNING,2025-06-07 04:13:50,2025-06-07 04:19:07,28,3,5,35
1341,2,RUNNING,2025-01-29 12:54:11,2025-01-29 13:00:50,7,2,2,82
1342,12,CANCELLED,2025-05-31 03:06:12,2025-05-31 03:13:04,53,3,8,86
1343,11,COMPLETED,2025-06-03 02:03:03,2025-06-03 02:04:00,84,3,5,87
1344,1,PENDING,2025-01-03 13:09:49,2025-01-03 13:10:41,67,1,7,36
1345,3,FAILED,2025-01-25 11:13:28,2025-01-25 11:19:15,50,3,8,83
1346,3,CANCELLED,2025-01-09 13:01:59,2025-01-09 13:03:50,86,4,5,98
1347,15,FAILED,2025-08-24 00:16:00,2025-08-24 00:17:37,90,2,4,73
1348,10,PENDING,2025-07-27 11:22:52,2025-07-27 11:28:58,74,2,6,94
1349,4,COMPLETED,2025-02-01 18:22:39,2025-02-01 18:26:56,29,4,2,65
1350,12,RUNNING,2025-07-23 00:02:23,2025-07-23 00:03:19,98,1,7,17
1351,15,RUNNING,2025-08-27 15:20:42,2025-08-27 15:21:59,42,1,7,5
1352,14,CANCELLED,2025-07-07 17:59:19,2025-07-07 18:06:02,4,3,3,76
1353,3,COMPLETED,2025-02-23 11:42:13,2025-02-23 11:43:03,81,4,4,27
1354,9,PENDING,2025-06-22 10:14:11,2025-06-22 10:22:01,99,3,2,47
1355,15,FAILED,2025-08-11 17:39:58,2025-08-11 17:45:50,20,2,5,34
1356,4,COMPLETED,2025-05-18 19:36:33,2025-05-18 19:43:29,85,1,2,60
1357,12,FAILED,2025-07-28 14:42:27,2025-07-28 14:44:25,58,4,4,15
1358,8,RUNNING,2025-05-02 18:35:28,2025-05-02 18:39:21,73,2,5,19
1359,3,CANCELLED,2025-03-16 08:21:16,2025-03-16 08:27:08,11,4,5,95
1360,8,PENDING,2025-03-09 05:25:11,2025-03-09 05:31:35,27,4,3,52
1361,5,FAILED,2025-03-20 05:59:55,2025-03-20 06:02:23,19,2,4,74
1362,3,CANCELLED,2025-02-10 01:52:45,2025-02-10 01:54:53,70,4,5,57
1363,6,PENDING,2025-05-08 22:00:25,2025-05-08 22:04:21,64,3,8,62
1364,14,COMPLETED,2025-08-14 20:41:22,2025-08-14 20:47:06,89,2,7,1
1365,13,RUNNING,2025-08-08 03:22:37,2025-08-08 03:29:37,31,1,8,46
1366,11,FAILED,2025-05-25 02:21:14,2025-05-25 02:27:46,38,2,1,33
1367,1,CANCELLED,2025-01-12 05:43:29,2025-01-12 05:48:00,3,3,8,53
1368,12,PENDING,2025-08-08 00:55:28,2025-08-08 00:56:53,54,3,7,38
1369,12,COMPLETED,2025-07-06 11:27:24,2025-07-06 11:28:01,35,2,2,58
1370,15,RUNNING,2025-08-23 17:06:54,2025-08-23 17:13:09,96,3,6,92
1371,11,COMPLETED,2025-07-09 07:54:16,2025-07-09 07:55:31,51,3,6,89
1372,11,PENDING,2025-07-22 14:56:38,2025-07-22 15:02:53,48,1,3,69
1373,12,FAILED,2025-06-18 14:35:05,2025-06-18 14:36:46,55,1,4,10
1374,5,RUNNING,2025-03-07 12:42:49,2025-03-07 12:49:24,77,1,2,71
1375,14,CANCELLED,2025-08-25 10:22:25,2025-08-25 10:29:32,79,3,1,51
1376,1,COMPLETED,2025-01-13 06:42:58,2025-01-13 06:44:07,59,2,6,7
1377,5,PENDING,2025-02-17 17:41:12,2025-02-17 17:42:09,66,1,3,30
1378,10,RUNNING,2025-06-19 07:06:11,2025-06-19 07:06:29,75,3,6,70
1379,11,CANCELLED,2025-07-03 17:59:44,2025-07-03 18:05:54,17,1,1,16
1380,2,FAILED,2025-01-27 00:31:27,2025-01-27 00:33:13,9,2,7,50
1381,7,CANCELLED,2025-02-08 18:09:35,2025-02-08 18:16:54,39,1,7,29
1382,8,COMPLETED,2025-03-21 07:22:55,2025-03-21 07:28:30,44,2,3,63
1383,12,PENDING,2025-07-16 20:13:46,2025-07-16 20:21:10,52,3,5,9
1384,7,FAILED,2025-03-31 00:55:40,2025-03-31 01:02:25,88,2,2,25
1385,15,RUNNING,2025-08-30 21:57:00,2025-08-30 21:57:20,82,3,8,88
1386,8,PENDING,2025-05-04 03:46:08,2025-05-04 03:54:01,92,3,3,18
1387,1,RUNNING,2025-01-26 20:27:33,2025-01-26 20:31:38,18,2,6,6
1388,10,CANCELLED,2025-06-12 01:50:03,2025-06-12 01:51:20,61,3,4,11
1389,8,FAILED,2025-04-16 18:58:08,2025-04-16 19:02:16,34,2,2,67
1390,7,COMPLETED,2025-05-14 16:53:53,2025-05-14 16:56:37,83,3,8,3
1391,8,COMPLETED,2025-04-25 08:24:43,2025-04-25 08:30:13,69,1,5,91
1392,4,RUNNING,2025-03-07 00:47:28,2025-03-07 00:50:40,57,1,7,75
1393,13,FAILED,2025-07-31 13:32:34,2025-07-31 13:33:03,33,2,1,100
1394,3,CANCELLED,2025-01-30 18:29:33,2025-01-30 18:31:56,72,4,3,20
1395,10,PENDING,2025-06-07 09:41:53,2025-06-07 09:44:15,91,1,4,77
1396,6,FAILED,2025-03-21 10:22:26,2025-03-21 10:25:49,45,1,2,99
1397,4,RUNNING,2025-02-23 21:53:27,2025-02-23 21:55:23,32,2,3,72
1398,5,CANCELLED,2025-02-28 16:02:57,2025-02-28 16:07:48,23,2,5,49
1399,15,COMPLETED,2025-08-24 21:38:37,2025-08-24 21:39:22,37,3,8,45
1400,13,PENDING,2025-06-29 06:48:37,2025-06-29 06:54:24,15,2,7,41
1401,2,PENDING,2025-01-29 16:40:53,2025-01-29 16:46:07,53,1,5,68
1402,10,COMPLETED,2025-06-17 10:16:35,2025-06-17 10:20:48,24,3,2,46
1403,2,RUNNING,2025-02-03 08:58:42,2025-02-03 09:02:57,27,1,4,22
1404,15,FAILED,2025-08-22 00:31:48,2025-08-22 00:38:21,45,4,7,99
1405,13,CANCELLED,2025-07-03 15:28:40,2025-07-03 15:31:14,63,3,6,18
1406,7,CANCELLED,2025-04-26 19:29:19,2025-04-26 19:36:23,19,4,6,84
1407,14,FAILED,2025-08-31 01:57:32,2025-08-31 02:05:23,61,1,6,50
1408,15,COMPLETED,2025-08-09 23:28:19,2025-08-09 23:36:10,49,3,1,55
1409,4,PENDING,2025-02-05 23:57:35,2025-02-06 00:02:37,86,4,4,86
1410,2,RUNNING,2025-02-02 18:04:23,2025-02-02 18:09:24,92,3,1,38
1411,12,CANCELLED,2025-07-16 15:02:20,2025-07-16 15:06:29,76,4,2,3
1412,2,COMPLETED,2025-02-24 07:32:01,2025-02-24 07:32:29,85,3,7,61
1413,15,PENDING,2025-08-12 10:36:47,2025-08-12 10:44:06,73,1,6,98
1414,8,FAILED,2025-06-12 17:29:28,2025-06-12 17:31:39,91,2,8,59
1415,6,RUNNING,2025-04-08 23:27:41,2025-04-08 23:31:20,14,3,4,16
1416,3,PENDING,2025-01-22 04:32:48,2025-01-22 04:37:09,54,2,4,65
1417,12,RUNNING,2025-07-21 18:55:07,2025-07-21 19:01:59,35,2,1,88
1418,9,CANCELLED,2025-06-26 08:10:33,2025-06-26 08:17:29,90,3,3,89
1419,9,FAILED,2025-06-21 02:22:14,2025-06-21 02:24:45,64,2,2,81
1420,13,COMPLETED,2025-06-09 10:38:26,2025-06-09 10:45:10,32,3,5,27
1421,6,RUNNING,2025-03-19 20:41:54,2025-03-19 20:42:39,60,2,6,35
1422,1,CANCELLED,2025-01-28 12:43:44,2025-01-28 12:46:09,38,3,6,82
1423,10,PENDING,2025-05-17 02:43:56,2025-05-17 02:45:05,57,1,5,85
1424,14,COMPLETED,2025-07-23 18:39:05,2025-07-23 18:39:10,17,1,4,71
1425,2,FAILED,2025-02-09 22:32:52,2025-02-09 22:34:47,44,2,7,24
1426,10,FAILED,2025-06-28 10:54:12,2025-06-28 10:55:06,18,4,3,17
1427,14,RUNNING,2025-07-02 20:27:36,2025-07-02 20:31:03,55,1,4,41
1428,2,CANCELLED,2025-01-17 06:36:49,2025-01-17 06:37:27,71,1,1,34
1429,3,PENDING,2025-03-18 00:15:30,2025-03-18 00:15:41,77,2,3,26
1430,2,COMPLETED,2025-03-04 08:35:08,2025-03-04 08:40:04,1,2,2,45
1431,13,CANCELLED,2025-07-27 22:12:24,2025-07-27 22:13:59,41,4,3,77
1432,11,FAILED,2025-06-25 03:27:03,2025-06-25 03:30:28,33,2,2,63
1433,4,PENDING,2025-03-18 17:23:30,2025-03-18 17:26:44,8,1,7,47
1434,12,COMPLETED,2025-07-17 05:40:49,2025-07-17 05:44:41,10,3,6,2
1435,8,RUNNING,2025-03-29 23:39:20,2025-03-29 23:42:38,21,1,7,58
1436,1,COMPLETED,2025-01-12 12:15:34,2025-01-12 12:23:27,12,4,5,37
1437,9,RUNNING,2025-06-20 00:29:42,2025-06-20 00:31:16,78,3,5,48
1438,8,CANCELLED,2025-04-09 09:34:35,2025-04-09 09:38:14,3,3,8,10
1439,2,FAILED,2025-01-05 01:10:03,2025-01-05 01:13:51,59,1,8,29
1440,9,PENDING,2025-04-29 22:38:35,2025-04-29 22:39:26,51,3,1,40
1441,3,CANCELLED,2025-03-15 20:14:55,2025-03-15 20:18:43,65,4,7,93
1442,14,COMPLETED,2025-08-25 00:09:10,2025-08-25 00:11:46,5,2,5,96
1443,2,PENDING,2025-01-23 18:11:39,2025-01-23 18:17:11,100,4,6,42
1444,14,FAILED,2025-07-19 15:41:03,2025-07-19 15:47:14,88,1,4,33
1445,7,RUNNING,2025-03-05 17:00:03,2025-03-05 17:00:27,47,1,4,52
1446,8,PENDING,2025-07-09 02:50:58,2025-07-09 02:55:24,69,3,6,94
1447,1,FAILED,2025-01-05 02:11:51,2025-01-05 02:13:14,34,3,3,69
1448,12,RUNNING,2025-08-01 01:44:57,2025-08-01 01:50:03,93,2,2,87
1449,6,CANCELLED,2025-05-07 19:17:17,2025-05-07 19:23:57,9,3,2,100
1450,11,COMPLETED,2025-05-27 13:54:53,2025-05-27 13:55:19,84,2,8,15
1451,1,CANCELLED,2025-01-03 20:29:35,2025-01-03 20:36:36,26,1,3,57
1452,8,FAILED,2025-05-16 20:01:50,2025-05-16 20:05:24,23,4,5,44
1453,8,PENDING,2025-05-08 16:17:23,2025-05-08 16:19:58,97,2,2,21
1454,3,COMPLETED,2025-02-21 21:59:25,2025-02-21 22:04:20,6,2,1,1
1455,10,RUNNING,2025-06-04 10:32:23,2025-06-04 10:37:50,56,4,3,20
1456,15,FAILED,2025-08-31 13:40:21,2025-08-31 13:46:31,16,1,5,64
1457,10,RUNNING,2025-07-13 00:10:32,2025-07-13 00:14:02,68,2,7,80
1458,3,CANCELLED,2025-02-10 13:21:13,2025-02-10 13:24:36,7,3,1,39
1459,4,COMPLETED,2025-03-26 00:27:50,2025-03-26 00:29:55,99,1,8,66
1460,13,PENDING,2025-07-08 13:46:46,2025-07-08 13:51:49,67,1,5,6
1461,10,COMPLETED,2025-04-27 13:11:07,2025-04-27 13:13:24,52,4,7,49
1462,6,FAILED,2025-03-19 08:31:45,2025-03-19 08:39:04,29,2,1,25
1463,14,RUNNING,2025-07-21 17:55:25,2025-07-21 17:56:06,94,2,4,12
1464,3,CANCELLED,2025-02-27 03:04:21,2025-02-27 03:06:19,43,1,7,28
1465,10,PENDING,2025-05-19 07:59:58,2025-05-19 08:02:56,80,3,6,90
1466,14,CANCELLED,2025-08-07 14:21:32,2025-08-07 14:25:51,95,3,8,11
1467,4,PENDING,2025-03-30 09:26:08,2025-03-30 09:29:22,58,3,4,95
1468,14,COMPLETED,2025-08-06 11:30:07,2025-08-06 11:31:21,20,1,3,8
1469,12,RUNNING,2025-06-24 04:25:47,2025-06-24 04:30:16,74,2,2,14
1470,6,FAILED,2025-04-05 07:52:50,2025-04-05 07:56:25,42,3,6,91
1471,11,PENDING,2025-07-01 02:02:05,2025-07-01 02:03:09,22,1,2,75
1472,1,FAILED,2025-01-05 13:09:03,2025-01-05 13:09:35,2,3,7,5
1473,14,RUNNING,2025-07-30 18:03:35,2025-07-30 18:08:21,83,1,1,9
1474,5,CANCELLED,2025-02-28 22:26:39,2025-02-28 22:33:32,89,4,3,72
1475,5,COMPLETED,2025-03-28 04:03:32,2025-03-28 04:05:07,30,3,1,13
1476,2,PENDING,2025-01-12 19:23:27,2025-01-12 19:24:45,36,3,5,19
1477,5,FAILED,2025-01-30 12:33:32,2025-01-30 12:36:54,4,1,7,83
1478,8,RUNNING,2025-05-28 10:31:17,2025-05-28 10:39:01,15,3,5,43
1479,13,CANCELLED,2025-07-10 08:38:29,2025-07-10 08:41:35,72,2,6,67
1480,7,COMPLETED,2025-03-05 17:21:03,2025-03-05 17:25:28,13,3,8,78
1481,11,RUNNING,2025-05-09 00:50:50,2025-05-09 00:57:04,50,1,2,4
1482,6,CANCELLED,2025-07-03 03:23:35,2025-07-03 03:28:23,98,4,4,60
1483,9,FAILED,2025-05-18 03:07:25,2025-05-18 03:15:06,66,4,7,97
1484,3,COMPLETED,2025-02-10 03:57:47,2025-02-10 04:01:23,96,1,4,73
1485,14,PENDING,2025-06-28 02:40:43,2025-06-28 02:47:41,40,2,4,7
1486,15,PENDING,2025-08-14 14:42:53,2025-08-14 14:49:14,82,2,2,53
1487,4,FAILED,2025-05-03 11:57:19,2025-05-03 11:59:24,62,2,6,70
1488,11,RUNNING,2025-07-02 07:38:49,2025-07-02 07:45:22,31,3,8,62
1489,4,CANCELLED,2025-04-26 07:15:17,2025-04-26 07:22:26,39,4,5,32
1490,7,COMPLETED,2025-05-07 16:16:06,2025-05-07 16:19:15,48,1,1,31
1491,3,CANCELLED,2025-02-08 17:16:38,2025-02-08 17:21:21,25,2,2,79
1492,14,FAILED,2025-08-20 16:03:22,2025-08-20 16:07:22,81,1,6,36
1493,1,PENDING,2025-02-17 22:24:07,2025-02-17 22:30:45,70,3,3,92
1494,10,COMPLETED,2025-06-24 23:53:32,2025-06-25 00:00:25,28,1,7,54
1495,4,RUNNING,2025-02-24 09:32:33,2025-02-24 09:32:40,87,4,5,76
1496,3,RUNNING,2025-02-01 03:17:58,2025-02-01 03:21:34,46,4,4,30
1497,11,CANCELLED,2025-08-07 11:08:00,2025-08-07 11:11:39,75,2,8,23
1498,11,COMPLETED,2025-05-02 10:22:25,2025-05-02 10:27:19,11,3,3,74
1499,7,PENDING,2025-05-27 16:20:32,2025-05-27 16:27:35,79,2,3,56
1500,2,FAILED,2025-02-15 04:33:40,2025-02-15 04:34:02,37,2,6,51
