id_usuario,nombre_usuario,email,fecha_creacion
1,carolina.luna,carolina.luna@yahoo.com,2024-01-01 09:00:00
2,ramiro.rodriguez,ramiro.rodriguez@gmail.com,2024-01-05 13:21:11
3,ramiro.mojes,ramiro.mojes@hotmail.com,2024-01-08 10:40:43
4,paula.diaz,paula.diaz@hotmail.com,2024-01-11 12:47:31
5,andres.ortiz,andres.ortiz@yahoo.com,2024-01-16 11:17:39
6,mariajose.rosales,mariajose.rosales@hotmail.com,2024-01-22 10:24:39
7,cintia.espinoza,cintia.espinoza@outlook.com,2024-01-26 15:06:56
8,julian.pereyra,julian.pereyra@gmail.com,2024-01-29 14:37:34
9,valentina.lopez,valentina.lopez@gmail.com,2024-02-05 13:37:38
10,catalina.navarro,catalina.navarro@gmail.com,2024-02-12 16:02:28
11,carina.vega,carina.vega@yahoo.com,2024-02-14 10:05:51
12,sofia.fernandez,sofia.fernandez@gmail.com,2024-02-19 10:13:42
13,leonardo.alvarez,leonardo.alvarez@hotmail.com,2024-02-26 16:00:29
14,mateo.garcia,mateo.garcia@hotmail.com,2024-02-28 10:42:10
15,milenna.suarez,milenna.suarez@yahoo.com,2024-03-04 11:10:56
16,enzo.arias,enzo.arias@hotmail.com,2024-03-08 12:26:39
17,celeste.salazar,celeste.salazar@gmail.com,2024-03-13 11:18:37
18,florencia.castro,florencia.castro@yahoo.com,2024-03-18 10:41:04
19,luciano.romano,luciano.romano@gmail.com,2024-03-21 10:06:56
20,federico.aguirre,federico.aguirre@yahoo.com,2024-03-27 12:38:58
21,carla.mendez,carla.mendez@outlook.com,2024-04-01 13:07:48
22,ayelen.maldonado,ayelen.maldonado@yahoo.com,2024-04-08 12:26:39
23,ezequiel.rojas,ezequiel.rojas@hotmail.com,2024-04-11 16:17:38
24,brenda.costa,brenda.costa@yahoo.com,2024-04-15 13:28:28
25,julieta.torres,julieta.torres@outlook.com,2024-04-22 09:10:44
26,micaela.ponce,micaela.ponce@hotmail.com,2024-04-29 11:33:22
27,gustavo.cortes,gustavo.cortes@hotmail.com,2024-05-01 14:53:24
28,mariela.flores,mariela.flores@hotmail.com,2024-05-08 16:05:23
29,carolina.ospina,carolina.ospina@hotmail.com,2024-05-13 14:02:59
30,camila.sanchez,camila.sanchez@yahoo.com,2024-05-17 15:26:13
31,melina.moya,melina.moya@gmail.com,2024-05-21 12:48:05
32,agustin.morales,agustin.morales@hotmail.com,2024-05-23 10:30:42
33,daniela.paz,daniela.paz@yahoo.com,2024-05-30 09:37:37
34,elena.tello,elena.tello@outlook.com,2024-06-03 10:32:20
35,romina.montoya,romina.montoya@yahoo.com,2024-06-10 15:41:30
36,damian.tello,damian.tello@hotmail.com,2024-06-13 10:13:43
37,emanuel.silva,emanuel.silva@hotmail.com,2024-06-17 12:01:49
38,cecilia.vera,cecilia.vera@gmail.com,2024-06-21 09:56:02
39,veronica.mendez,veronica.mendez@hotmail.com,2024-06-24 14:23:47
40,damian.soto,damian.soto@hotmail.com,2024-06-26 16:53:59
41,tomas.bustos,tomas.bustos@hotmail.com,2024-07-01 09:08:50
42,carolina.blanco,carolina.blanco@yahoo.com,2024-07-04 14:06:03
43,german.costa,german.costa@outlook.com,2024-07-09 13:42:51
44,facundo.ruiz,facundo.ruiz@yahoo.com,2024-07-10 14:40:39
45,hugo.montiel,hugo.montiel@yahoo.com,2024-07-15 15:27:41
46,pamela.figueroa,pamela.figueroa@gmail.com,2024-07-18 16:22:15
47,juan.perez,juan.perez@hotmail.com,2024-07-25 14:38:52
48,luciana.ortega,luciana.ortega@hotmail.com,2024-07-30 15:53:10
49,jorge.fuentes,jorge.fuentes@outlook.com,2024-08-06 15:07:24
50,silvia.castro,silvia.castro@outlook.com,2024-08-12 10:20:41
51,cristian.garcia,cristian.garcia@hotmail.com,2024-08-16 14:44:40
52,marcos.gimenez,marcos.gimenez@yahoo.com,2024-08-21 11:50:23
53,matias.bazan,matias.bazan@outlook.com,2024-08-26 10:56:37
54,rodrigo.santana,rodrigo.santana@hotmail.com,2024-08-28 12:27:23
55,barbara.arias,barbara.arias@hotmail.com,2024-09-02 15:49:36
56,lautaro.romero,lautaro.romero@hotmail.com,2024-09-09 13:23:23
57,maria.gomez,maria.gomez@gmail.com,2024-09-13 11:34:05
58,sergio.aguero,sergio.aguero@yahoo.com,2024-09-19 14:01:03
59,hernan.rios,hernan.rios@yahoo.com,2024-09-25 11:54:35
60,ricardo.dominguez,ricardo.dominguez@outlook.com,2024-09-30 16:32:22
61,fiorella.diaz,fiorella.diaz@yahoo.com,2024-10-07 09:36:51
62,victor.gomez,victor.gomez@outlook.com,2024-10-14 16:31:48
63,lucas.rodriguez,lucas.rodriguez@outlook.com,2024-10-18 16:24:56
64,gisela.martinez,gisela.martinez@outlook.com,2024-10-21 13:13:44
65,patricia.moreno,patricia.moreno@yahoo.com,2024-10-24 12:58:02
66,nicolas.silva,nicolas.silva@outlook.com,2024-10-30 14:53:17
67,rocio.carrizo,rocio.carrizo@outlook.com,2024-11-04 11:44:02
68,belen.cabrera,belen.cabrera@hotmail.com,2024-11-11 15:03:27
69,martin.ramos,martin.ramos@yahoo.com,2024-11-15 16:16:11
70,marcelo.ledesma,marcelo.ledesma@yahoo.com,2024-11-18 14:39:05
71,camila.carrasco,camila.carrasco@gmail.com,2024-11-25 15:53:16
72,micaela.soria,micaela.soria@yahoo.com,2024-12-02 15:12:26
73,franco.martinez,franco.martinez@outlook.com,2024-12-06 15:25:18
74,diego.romero,diego.romero@hotmail.com,2024-12-09 13:18:57
75,alejo.rios,alejo.rios@outlook.com,2024-12-13 16:23:07
76,soledad.bustamante,soledad.bustamante@yahoo.com,2024-12-18 12:11:07
77,yesica.barrionuevo,yesica.barrionuevo@hotmail.com,2024-12-19 14:28:21
78,daniel.salinas,daniel.salinas@gmail.com,2024-12-23 14:14:25
79,joaquin.castillo,joaquin.castillo@hotmail.com,2024-12-30 16:13:26
80,fernando.peralta,fernando.peralta@yahoo.com,2025-01-06 15:18:55
81,gaston.vazquez,gaston.vazquez@outlook.com,2025-01-07 16:31:31
82,sabina.lagos,sabina.lagos@hotmail.com,2025-01-13 14:51:54
83,ivan.farias,ivan.farias@hotmail.com,2025-01-20 11:07:39
84,matias.molina,matias.molina@outlook.com,2025-01-27 15:21:56
85,noelia.benitez,noelia.benitez@outlook.com,2025-02-03 09:22:54
86,pablo.sosa,pablo.sosa@yahoo.com,2025-02-10 13:52:16
87,claudia.reyes,claudia.reyes@hotmail.com,2025-02-14 13:00:32
88,evelin.martinez,evelin.martinez@outlook.com,2025-02-18 10:28:18
89,santiago.valdez,santiago.valdez@hotmail.com,2025-02-24 10:35:32
90,juan.pulero,juan.pulero@gmail.com,2025-03-03 13:59:15
91,sebastian.pardo,sebastian.pardo@yahoo.com,2025-03-10 12:51:41
92,mariano.moyano,mariano.moyano@gmail.com,2025-03-17 11:25:15
93,marina.ibarra,marina.ibarra@outlook.com,2025-03-20 12:47:41
94,alejandro.campos,alejandro.campos@gmail.com,2025-03-24 11:33:18
95,julieta.moyano,julieta.moyano@gmail.com,2025-03-31 12:02:48
96,antonella.vargas,antonella.vargas@hotmail.com,2025-04-03 13:08:48
97,abril.moreno,abril.moreno@yahoo.com,2025-04-07 12:55:05
98,leandro.acosta,leandro.acosta@gmail.com,2025-04-14 10:12:02
99,maximiliano.torres,maximiliano.torres@gmail.com,2025-04-15 14:13:57
100,malena.rios,malena.rios@gmail.com,2025-04-21 10:37:17
